Date,Product,Region,Sales,Customer_Age,Customer_Gender,Customer_Satisfaction
01-01-2022,Widget C,South,786,26,Male,2.87440724
02-01-2022,Widget D,East,850,29,Male,3.365204596
03-01-2022,Widget A,North,871,40,Female,4.547363611
04-01-2022,Widget C,South,464,31,Male,4.555420394
05-01-2022,Widget C,South,262,50,Female,3.982934935
06-01-2022,Widget D,East,147,35,Female,1.140627968
07-01-2022,Widget A,North,610,66,Male,3.300281676
08-01-2022,Widget A,South,428,58,Male,4.146333883
09-01-2022,Widget C,West,939,26,Male,1.069152179
10-01-2022,Widget B,West,215,40,Male,3.198738455
11-01-2022,Widget C,West,948,27,Female,4.431056583
12-01-2022,Widget C,North,436,36,Male,2.896408303
13-01-2022,Widget C,South,980,64,Male,1.016424812
14-01-2022,Widget C,West,836,22,Female,1.044053433
15-01-2022,Widget D,North,963,64,Female,2.66654415
16-01-2022,Widget A,West,939,69,Female,1.62003467
17-01-2022,Widget D,East,246,40,Female,3.657802628
18-01-2022,Widget D,South,674,47,Male,3.83519706
19-01-2022,Widget D,South,905,42,Male,1.711519182
20-01-2022,Widget C,North,422,45,Female,4.554133154
21-01-2022,Widget B,North,542,51,Female,2.76763138
22-01-2022,Widget A,South,936,62,Male,1.57138363
23-01-2022,Widget B,West,112,65,Male,4.057006392
24-01-2022,Widget D,West,593,64,Male,4.159898
25-01-2022,Widget D,East,800,42,Male,3.557181891
26-01-2022,Widget B,West,386,27,Male,4.413862213
27-01-2022,Widget B,North,819,31,Female,3.949491888
28-01-2022,Widget B,North,213,59,Female,4.528822949
29-01-2022,Widget D,West,579,63,Female,2.735552194
30-01-2022,Widget D,North,121,47,Female,3.990388512
31-01-2022,Widget A,South,448,58,Male,4.999006254
01-02-2022,Widget A,South,825,42,Female,3.89972479
02-02-2022,Widget D,West,782,31,Male,1.456735121
03-02-2022,Widget B,South,934,52,Male,3.07327489
04-02-2022,Widget B,South,665,69,Male,3.349391165
05-02-2022,Widget A,East,909,65,Male,1.6968427
06-02-2022,Widget D,East,419,51,Male,4.851566537
07-02-2022,Widget A,South,225,27,Male,1.702319111
08-02-2022,Widget A,West,376,52,Male,1.710231679
09-02-2022,Widget C,East,303,28,Female,4.660668552
10-02-2022,Widget C,North,293,28,Male,2.860821732
11-02-2022,Widget C,North,780,38,Female,1.252753117
12-02-2022,Widget B,North,763,38,Female,3.39275
13-02-2022,Widget D,West,646,39,Male,3.407305395
14-02-2022,Widget D,South,795,62,Male,1.258003035
15-02-2022,Widget D,North,385,24,Female,4.890089983
16-02-2022,Widget D,West,156,34,Female,3.176119861
17-02-2022,Widget C,East,833,19,Female,3.239182889
18-02-2022,Widget B,South,402,29,Female,3.080461658
19-02-2022,Widget B,East,262,59,Male,3.442927119
20-02-2022,Widget C,West,118,35,Male,2.057199011
21-02-2022,Widget B,North,469,28,Male,2.148965392
22-02-2022,Widget C,North,363,33,Female,3.045356359
23-02-2022,Widget D,West,893,66,Male,4.226743419
24-02-2022,Widget C,North,212,68,Female,1.199458306
25-02-2022,Widget D,South,587,35,Male,3.413616849
26-02-2022,Widget D,West,426,52,Female,4.22711257
27-02-2022,Widget A,East,641,43,Male,1.627669088
28-02-2022,Widget C,West,746,33,Male,1.060090168
01-03-2022,Widget A,South,678,23,Female,2.250853181
02-03-2022,Widget C,South,164,61,Female,3.352574827
03-03-2022,Widget C,West,391,60,Female,1.553132694
04-03-2022,Widget A,West,124,64,Female,2.704489484
05-03-2022,Widget A,North,648,64,Female,3.209285989
06-03-2022,Widget C,South,100,65,Male,3.395532379
07-03-2022,Widget B,West,648,59,Female,2.097646884
08-03-2022,Widget D,West,240,29,Male,2.600118544
09-03-2022,Widget A,South,843,30,Male,4.113356916
10-03-2022,Widget D,West,747,21,Male,4.764858776
11-03-2022,Widget B,North,287,56,Male,4.447521324
12-03-2022,Widget B,South,227,19,Male,3.257134007
13-03-2022,Widget B,North,300,43,Female,2.641171212
14-03-2022,Widget A,North,226,44,Female,2.331826457
15-03-2022,Widget B,North,356,44,Male,1.499826264
16-03-2022,Widget A,North,775,32,Male,1.426204989
17-03-2022,Widget B,South,646,25,Female,3.7534305
18-03-2022,Widget D,North,293,24,Female,2.039177665
19-03-2022,Widget D,North,802,64,Male,2.018646746
20-03-2022,Widget C,West,203,63,Female,4.992780218
21-03-2022,Widget D,South,634,57,Female,1.751703831
22-03-2022,Widget C,South,364,29,Female,1.592239038
23-03-2022,Widget D,East,901,30,Male,1.394740911
24-03-2022,Widget A,South,483,60,Female,3.319221381
25-03-2022,Widget D,South,359,34,Male,3.511455304
26-03-2022,Widget C,East,513,34,Male,2.460911705
27-03-2022,Widget C,South,457,53,Male,3.141653342
28-03-2022,Widget B,South,174,38,Male,4.153598124
29-03-2022,Widget A,South,454,25,Male,4.272416673
30-03-2022,Widget D,South,683,22,Female,4.831648303
31-03-2022,Widget B,East,870,43,Male,4.297071944
01-04-2022,Widget D,South,287,33,Male,3.259365747
02-04-2022,Widget D,South,784,53,Male,1.718627863
03-04-2022,Widget B,East,389,45,Female,1.399054231
04-04-2022,Widget B,West,144,46,Female,1.21804756
05-04-2022,Widget B,North,672,64,Female,3.666103327
06-04-2022,Widget B,West,182,29,Female,4.230145022
07-04-2022,Widget B,East,222,54,Female,3.034735803
08-04-2022,Widget D,North,457,47,Female,1.218856699
09-04-2022,Widget B,East,627,40,Female,3.141882298
10-04-2022,Widget A,East,165,33,Male,4.742997046
11-04-2022,Widget C,South,756,31,Male,3.390452764
12-04-2022,Widget B,North,474,27,Female,4.237709954
13-04-2022,Widget B,South,261,24,Male,4.200610594
14-04-2022,Widget D,North,845,62,Male,4.728516399
15-04-2022,Widget B,East,479,69,Female,4.080915063
16-04-2022,Widget B,East,755,54,Male,3.990802056
17-04-2022,Widget B,West,457,46,Male,1.93641066
18-04-2022,Widget D,North,287,20,Female,1.239700621
19-04-2022,Widget B,South,421,32,Male,3.07039786
20-04-2022,Widget C,West,549,53,Female,1.497736832
21-04-2022,Widget D,West,573,64,Female,4.848783505
22-04-2022,Widget C,West,112,63,Male,2.159699051
23-04-2022,Widget D,South,283,69,Male,4.411776814
24-04-2022,Widget B,West,210,36,Male,2.550498501
25-04-2022,Widget C,South,607,30,Female,2.292776999
26-04-2022,Widget D,West,389,59,Female,4.74063429
27-04-2022,Widget A,South,394,38,Female,2.453290288
28-04-2022,Widget B,East,550,54,Male,2.561151635
29-04-2022,Widget D,East,314,44,Male,1.424367118
30-04-2022,Widget A,East,731,69,Female,3.681786661
01-05-2022,Widget D,East,993,46,Male,2.155357658
02-05-2022,Widget A,East,666,37,Male,3.342416671
03-05-2022,Widget B,West,126,42,Female,3.365406816
04-05-2022,Widget C,West,729,23,Female,3.876798782
05-05-2022,Widget A,West,832,53,Male,3.980965945
06-05-2022,Widget D,South,330,19,Female,3.057809738
07-05-2022,Widget B,South,664,39,Male,2.32396779
08-05-2022,Widget A,South,906,49,Female,4.349803579
09-05-2022,Widget D,South,420,33,Female,2.239462598
10-05-2022,Widget D,East,332,35,Female,3.030036378
11-05-2022,Widget D,East,769,22,Male,2.605010333
12-05-2022,Widget A,East,536,53,Male,4.420313544
13-05-2022,Widget A,North,880,47,Female,2.727674125
14-05-2022,Widget A,West,632,62,Female,2.544396755
15-05-2022,Widget C,South,502,36,Female,3.759294772
16-05-2022,Widget A,South,152,40,Male,3.409764439
17-05-2022,Widget A,East,886,51,Female,1.428987334
18-05-2022,Widget A,South,412,30,Female,3.032675225
19-05-2022,Widget C,South,380,60,Female,3.941913553
20-05-2022,Widget A,West,825,46,Female,4.968299058
21-05-2022,Widget D,East,130,53,Male,3.516587336
22-05-2022,Widget A,West,436,39,Male,2.481172266
23-05-2022,Widget D,North,282,69,Female,1.904606399
24-05-2022,Widget D,North,122,69,Male,4.491320937
25-05-2022,Widget D,North,643,64,Male,4.258260848
26-05-2022,Widget C,East,545,53,Male,1.935691283
27-05-2022,Widget C,South,173,26,Female,1.802528361
28-05-2022,Widget C,East,109,56,Male,3.860547107
29-05-2022,Widget A,East,583,68,Male,2.259808248
30-05-2022,Widget D,South,555,36,Male,2.225595193
31-05-2022,Widget C,West,665,55,Female,1.609160988
01-06-2022,Widget C,North,663,23,Female,2.055902079
02-06-2022,Widget A,West,759,69,Male,2.71003023
03-06-2022,Widget C,North,259,64,Male,3.931353349
04-06-2022,Widget A,East,981,32,Female,2.345232378
05-06-2022,Widget B,North,113,37,Female,2.314417358
06-06-2022,Widget C,East,277,26,Male,2.13965301
07-06-2022,Widget B,West,511,49,Male,2.91313467
08-06-2022,Widget A,East,977,21,Female,1.722546792
09-06-2022,Widget D,West,152,67,Female,2.942522936
10-06-2022,Widget C,South,507,35,Male,3.816702225
11-06-2022,Widget A,South,946,22,Female,1.119162016
12-06-2022,Widget D,South,121,37,Male,1.039117521
13-06-2022,Widget D,East,129,40,Male,1.300491641
14-06-2022,Widget B,South,802,28,Male,3.142640247
15-06-2022,Widget A,North,359,54,Female,4.417820333
16-06-2022,Widget D,West,304,39,Male,1.019537864
17-06-2022,Widget C,West,158,21,Male,4.746645218
18-06-2022,Widget C,North,570,46,Female,1.425114046
19-06-2022,Widget B,East,875,61,Female,4.367934112
20-06-2022,Widget D,East,565,51,Male,2.93141906
21-06-2022,Widget A,West,111,30,Male,3.637429549
22-06-2022,Widget C,South,730,59,Female,3.042731938
23-06-2022,Widget D,East,389,26,Female,2.908192901
24-06-2022,Widget D,East,949,59,Female,4.339597713
25-06-2022,Widget B,North,859,48,Male,4.023545518
26-06-2022,Widget C,North,453,24,Male,2.933608946
27-06-2022,Widget C,South,738,21,Male,1.446543718
28-06-2022,Widget A,East,174,36,Female,1.461611837
29-06-2022,Widget C,East,972,59,Male,4.206157843
30-06-2022,Widget A,North,815,47,Female,3.117562485
01-07-2022,Widget C,East,660,48,Male,2.926356561
02-07-2022,Widget B,West,690,52,Female,3.722267365
03-07-2022,Widget C,North,540,38,Male,4.435366334
04-07-2022,Widget A,South,340,48,Male,3.515492578
05-07-2022,Widget A,North,960,36,Female,4.051391609
06-07-2022,Widget B,East,253,48,Female,4.061082096
07-07-2022,Widget C,South,885,49,Male,2.425045795
08-07-2022,Widget C,North,195,19,Female,2.096332783
09-07-2022,Widget B,West,825,69,Female,4.204656269
10-07-2022,Widget C,West,393,27,Male,2.508715167
11-07-2022,Widget C,North,308,19,Female,4.613344026
12-07-2022,Widget A,West,442,19,Male,1.278762787
13-07-2022,Widget C,West,187,41,Male,1.232870048
14-07-2022,Widget C,West,917,34,Female,4.70801664
15-07-2022,Widget B,South,875,49,Female,3.593819657
16-07-2022,Widget B,West,489,33,Male,2.518397426
17-07-2022,Widget D,West,424,33,Male,4.020241659
18-07-2022,Widget A,West,988,63,Male,3.68930724
19-07-2022,Widget C,South,931,56,Male,3.124804187
20-07-2022,Widget C,North,256,48,Male,1.395493371
21-07-2022,Widget D,East,767,60,Male,4.248718349
22-07-2022,Widget C,West,750,41,Female,4.464092763
23-07-2022,Widget A,North,732,18,Female,1.688674754
24-07-2022,Widget D,West,676,28,Female,4.402046608
25-07-2022,Widget A,South,718,38,Male,4.511389244
26-07-2022,Widget D,North,758,21,Female,3.197714449
27-07-2022,Widget D,South,236,24,Male,3.624716145
28-07-2022,Widget B,West,773,43,Male,2.52894928
29-07-2022,Widget A,West,527,64,Female,2.12716659
30-07-2022,Widget C,South,551,67,Male,3.887932588
31-07-2022,Widget C,East,711,29,Male,4.447500596
01-08-2022,Widget A,South,949,48,Male,3.616310212
02-08-2022,Widget C,West,918,34,Male,3.046362443
03-08-2022,Widget C,South,240,50,Male,1.635699067
04-08-2022,Widget A,East,182,28,Male,1.21383485
05-08-2022,Widget D,South,276,45,Female,2.782767161
06-08-2022,Widget A,East,297,49,Male,1.197398255
07-08-2022,Widget D,East,723,18,Male,3.277338528
08-08-2022,Widget C,South,667,64,Male,2.530916765
09-08-2022,Widget C,South,790,45,Male,4.028756479
10-08-2022,Widget C,North,520,59,Female,2.222593987
11-08-2022,Widget B,West,500,24,Female,3.371930804
12-08-2022,Widget D,East,797,19,Male,3.150734087
13-08-2022,Widget B,North,570,59,Male,1.018849702
14-08-2022,Widget B,South,317,41,Male,1.289557593
15-08-2022,Widget A,West,927,21,Female,2.16147285
16-08-2022,Widget B,North,828,61,Female,4.528940324
17-08-2022,Widget A,East,731,36,Female,1.58805982
18-08-2022,Widget A,North,274,43,Female,3.843577322
19-08-2022,Widget B,East,122,28,Male,4.893466265
20-08-2022,Widget D,South,824,57,Female,4.162270211
21-08-2022,Widget D,West,334,67,Female,1.971781447
22-08-2022,Widget D,West,112,60,Male,4.633461042
23-08-2022,Widget D,West,200,28,Male,1.372428626
24-08-2022,Widget D,South,635,62,Female,2.872567767
25-08-2022,Widget B,East,975,20,Female,4.550167631
26-08-2022,Widget B,South,622,29,Female,3.565062837
27-08-2022,Widget C,West,884,20,Female,2.654578259
28-08-2022,Widget D,South,551,59,Male,2.171251467
29-08-2022,Widget B,South,530,44,Male,2.500397621
30-08-2022,Widget C,South,892,66,Female,3.035767124
31-08-2022,Widget D,East,705,19,Female,2.276175719
01-09-2022,Widget A,North,812,66,Female,4.875871448
02-09-2022,Widget C,North,632,33,Female,4.732310612
03-09-2022,Widget B,South,951,19,Female,4.482685873
04-09-2022,Widget A,North,822,47,Male,2.687319342
05-09-2022,Widget A,North,751,37,Male,3.765207077
06-09-2022,Widget A,South,392,55,Male,4.611317228
07-09-2022,Widget C,South,909,45,Female,4.401717951
08-09-2022,Widget B,West,200,42,Female,2.657308056
09-09-2022,Widget A,North,601,49,Male,1.449544197
10-09-2022,Widget D,East,403,27,Male,1.302521455
11-09-2022,Widget A,South,970,59,Female,3.308256181
12-09-2022,Widget A,West,639,57,Male,3.570511741
13-09-2022,Widget C,East,652,50,Female,4.399370418
14-09-2022,Widget C,North,454,30,Female,2.170060081
15-09-2022,Widget B,West,402,58,Male,1.669881962
16-09-2022,Widget D,South,595,59,Male,2.516023333
17-09-2022,Widget C,East,757,64,Male,2.414300495
18-09-2022,Widget A,South,867,54,Female,1.529875816
19-09-2022,Widget B,North,326,33,Female,3.68913061
20-09-2022,Widget A,East,335,62,Male,3.034767763
21-09-2022,Widget A,North,972,39,Female,3.884491024
22-09-2022,Widget C,North,991,37,Female,2.410764481
23-09-2022,Widget B,West,554,67,Female,2.302808846
24-09-2022,Widget D,South,112,60,Male,2.890303412
25-09-2022,Widget D,East,309,44,Female,4.509629382
26-09-2022,Widget C,North,840,58,Male,1.161125227
27-09-2022,Widget C,North,496,33,Male,4.219331269
28-09-2022,Widget B,East,199,51,Female,2.475950451
29-09-2022,Widget D,North,130,49,Male,4.418476103
30-09-2022,Widget D,West,997,43,Female,4.208812035
01-10-2022,Widget D,West,627,42,Male,2.39504499
02-10-2022,Widget A,West,748,19,Male,3.775506141
03-10-2022,Widget D,West,428,29,Female,1.638531027
04-10-2022,Widget A,North,265,57,Male,4.585126209
05-10-2022,Widget B,East,558,26,Male,2.617964258
06-10-2022,Widget A,East,921,29,Male,2.822502461
07-10-2022,Widget B,East,199,43,Female,3.823036204
08-10-2022,Widget D,East,720,26,Female,4.283360947
09-10-2022,Widget D,South,954,27,Male,1.945370973
10-10-2022,Widget B,East,272,49,Male,3.64540056
11-10-2022,Widget C,South,848,51,Male,2.567992176
12-10-2022,Widget B,South,261,65,Female,2.474811696
13-10-2022,Widget C,West,827,37,Female,3.760103296
14-10-2022,Widget A,South,875,56,Male,2.548733097
15-10-2022,Widget A,North,362,19,Female,2.384434001
16-10-2022,Widget A,South,903,18,Female,4.343553633
17-10-2022,Widget D,West,373,68,Female,1.405104495
18-10-2022,Widget A,South,102,53,Female,3.703570491
19-10-2022,Widget C,North,127,41,Male,1.994901575
20-10-2022,Widget A,North,425,44,Female,1.061992967
21-10-2022,Widget B,North,248,19,Female,1.667057075
22-10-2022,Widget B,West,639,48,Male,3.426646119
23-10-2022,Widget D,West,587,31,Male,3.836508766
24-10-2022,Widget B,East,921,19,Female,1.084231134
25-10-2022,Widget C,West,537,46,Female,1.145701773
26-10-2022,Widget A,North,164,32,Male,4.610168459
27-10-2022,Widget D,North,455,29,Male,1.293223272
28-10-2022,Widget A,West,632,54,Male,4.576728634
29-10-2022,Widget A,South,351,45,Female,1.912663655
30-10-2022,Widget C,West,334,37,Female,3.960071201
31-10-2022,Widget B,West,326,56,Male,2.238932996
01-11-2022,Widget B,North,624,41,Female,4.435008102
02-11-2022,Widget A,East,412,38,Male,3.801819462
03-11-2022,Widget D,North,148,27,Female,2.607253834
04-11-2022,Widget B,East,217,63,Male,1.305209817
05-11-2022,Widget D,North,153,31,Male,3.930800735
06-11-2022,Widget B,West,749,54,Female,3.467539024
07-11-2022,Widget D,North,664,35,Female,1.011646871
08-11-2022,Widget C,North,143,41,Female,1.037679424
09-11-2022,Widget D,North,914,31,Female,4.235171893
10-11-2022,Widget C,West,152,51,Female,2.037598955
11-11-2022,Widget C,West,685,29,Female,3.544534671
12-11-2022,Widget D,West,657,39,Male,2.816857679
13-11-2022,Widget C,West,624,23,Female,4.453720058
14-11-2022,Widget A,East,776,53,Male,4.667844452
15-11-2022,Widget C,East,201,62,Male,4.987230851
16-11-2022,Widget B,South,891,53,Female,1.614736543
17-11-2022,Widget D,West,869,39,Male,4.451856186
18-11-2022,Widget A,East,948,31,Male,2.064085507
19-11-2022,Widget D,North,967,33,Female,3.3632635
20-11-2022,Widget B,West,497,53,Female,3.023091335
21-11-2022,Widget B,South,237,42,Female,1.071952526
22-11-2022,Widget B,South,774,49,Male,4.73108512
23-11-2022,Widget C,South,486,50,Female,1.313308221
24-11-2022,Widget C,North,210,62,Female,3.752875678
25-11-2022,Widget D,East,713,53,Female,4.140027345
26-11-2022,Widget D,North,116,37,Female,4.181151396
27-11-2022,Widget A,West,879,35,Male,1.541978076
28-11-2022,Widget A,South,281,55,Female,2.790279802
29-11-2022,Widget D,North,983,20,Male,4.317715482
30-11-2022,Widget C,North,635,40,Female,2.210716842
01-12-2022,Widget B,East,640,49,Male,2.870994701
02-12-2022,Widget D,East,270,62,Male,2.091175571
03-12-2022,Widget A,South,508,33,Male,2.854205672
04-12-2022,Widget C,North,839,22,Female,4.55135169
05-12-2022,Widget D,North,477,21,Male,2.820496924
06-12-2022,Widget D,East,287,38,Female,3.223648068
07-12-2022,Widget C,North,957,57,Female,2.615905133
08-12-2022,Widget D,North,329,68,Female,2.840468733
09-12-2022,Widget C,North,932,31,Female,1.060696796
10-12-2022,Widget B,East,951,56,Female,2.13498204
11-12-2022,Widget C,South,218,48,Male,2.746326887
12-12-2022,Widget C,West,255,31,Female,3.535187904
13-12-2022,Widget C,South,883,23,Male,2.800207722
14-12-2022,Widget D,West,786,29,Male,2.351268173
15-12-2022,Widget D,North,564,33,Male,2.552394941
16-12-2022,Widget C,South,203,34,Male,1.969173317
17-12-2022,Widget D,West,703,62,Male,4.697977131
18-12-2022,Widget A,East,797,40,Male,3.086972903
19-12-2022,Widget A,East,894,31,Male,1.053637815
20-12-2022,Widget D,South,601,24,Female,1.077785034
21-12-2022,Widget D,South,792,63,Male,4.89184654
22-12-2022,Widget C,North,781,49,Female,1.885803565
23-12-2022,Widget B,South,798,32,Male,4.222433155
24-12-2022,Widget D,North,274,61,Male,1.233101206
25-12-2022,Widget A,North,833,34,Male,4.684650947
26-12-2022,Widget C,East,844,58,Male,4.497668015
27-12-2022,Widget D,East,773,64,Female,3.28437265
28-12-2022,Widget A,West,520,61,Female,1.035994629
29-12-2022,Widget A,East,233,51,Female,2.031243496
30-12-2022,Widget B,East,490,22,Male,2.62729059
31-12-2022,Widget C,South,835,62,Male,2.840256467
01-01-2023,Widget C,East,600,44,Male,2.190715034
02-01-2023,Widget B,West,764,69,Female,1.131791473
03-01-2023,Widget B,South,132,40,Male,3.360509624
04-01-2023,Widget C,West,154,57,Female,3.096618671
05-01-2023,Widget C,East,618,31,Female,2.132002542
06-01-2023,Widget D,West,855,32,Male,1.15190387
07-01-2023,Widget D,South,924,60,Male,4.978376749
08-01-2023,Widget B,North,737,50,Female,2.927944747
09-01-2023,Widget D,West,111,48,Female,4.024016967
10-01-2023,Widget A,West,627,52,Female,2.80925614
11-01-2023,Widget D,South,819,34,Male,1.172681163
12-01-2023,Widget D,South,654,45,Male,2.23840298
13-01-2023,Widget A,West,472,36,Male,2.280440564
14-01-2023,Widget B,East,583,63,Male,4.353411616
15-01-2023,Widget A,West,746,40,Male,3.616919912
16-01-2023,Widget D,South,327,49,Male,2.101719615
17-01-2023,Widget B,North,722,57,Female,4.870959819
18-01-2023,Widget D,North,406,30,Female,2.28616733
19-01-2023,Widget A,East,556,37,Female,4.992936103
20-01-2023,Widget A,West,259,52,Male,4.984654773
21-01-2023,Widget D,North,430,22,Female,1.764842071
22-01-2023,Widget C,West,875,26,Male,2.250964465
23-01-2023,Widget C,South,324,46,Male,2.944176794
24-01-2023,Widget A,North,828,23,Female,3.656402685
25-01-2023,Widget A,East,603,42,Male,3.112189796
26-01-2023,Widget C,South,555,48,Female,4.877765877
27-01-2023,Widget C,East,144,39,Female,3.895956657
28-01-2023,Widget D,South,313,19,Male,1.848179398
29-01-2023,Widget D,North,158,62,Female,1.420390201
30-01-2023,Widget C,East,743,22,Female,3.753605163
31-01-2023,Widget D,East,715,44,Female,1.633809761
01-02-2023,Widget D,South,294,42,Female,4.150707361
02-02-2023,Widget B,East,588,25,Male,2.244146669
03-02-2023,Widget D,South,256,18,Female,2.307573052
04-02-2023,Widget A,South,709,37,Female,1.04319357
05-02-2023,Widget D,South,325,61,Female,3.804045068
06-02-2023,Widget D,South,511,40,Male,1.453079012
07-02-2023,Widget C,North,304,49,Female,4.09152231
08-02-2023,Widget A,South,178,28,Male,2.967471288
09-02-2023,Widget D,West,223,56,Female,4.13711926
10-02-2023,Widget D,East,570,64,Female,3.335706157
11-02-2023,Widget B,West,317,41,Female,1.329733088
12-02-2023,Widget D,North,615,28,Male,4.062609347
13-02-2023,Widget D,West,701,46,Male,1.27919794
14-02-2023,Widget B,East,203,43,Male,2.914806882
15-02-2023,Widget C,West,492,33,Male,1.689396857
16-02-2023,Widget D,North,730,52,Male,4.009340712
17-02-2023,Widget B,South,744,37,Male,4.646364911
18-02-2023,Widget A,West,923,63,Female,3.216504653
19-02-2023,Widget C,North,707,20,Male,3.108589177
20-02-2023,Widget A,North,533,18,Female,4.055852785
21-02-2023,Widget A,East,430,64,Male,1.020315252
22-02-2023,Widget B,East,242,18,Male,4.671034571
23-02-2023,Widget D,West,899,34,Male,1.789795268
24-02-2023,Widget B,South,639,19,Female,4.936475535
25-02-2023,Widget B,North,377,46,Male,3.945015792
26-02-2023,Widget B,West,332,37,Male,4.097004591
27-02-2023,Widget B,North,628,23,Female,3.624811921
28-02-2023,Widget C,North,670,25,Female,2.886652731
01-03-2023,Widget D,South,189,46,Female,3.286510773
02-03-2023,Widget A,South,591,65,Female,1.185611544
03-03-2023,Widget A,West,298,68,Male,3.495838038
04-03-2023,Widget D,South,461,50,Female,3.504392408
05-03-2023,Widget A,South,540,20,Male,4.56480319
06-03-2023,Widget D,West,125,52,Male,3.02262543
07-03-2023,Widget A,South,124,22,Female,1.308577496
08-03-2023,Widget B,East,493,44,Male,2.224783682
09-03-2023,Widget A,North,606,61,Female,3.622517648
10-03-2023,Widget D,North,400,29,Male,1.957035451
11-03-2023,Widget D,North,438,37,Female,2.122111287
12-03-2023,Widget D,North,366,62,Female,4.281876065
13-03-2023,Widget D,West,560,37,Female,3.337278927
14-03-2023,Widget D,North,792,26,Female,3.034109727
15-03-2023,Widget C,North,555,56,Female,2.273807867
16-03-2023,Widget C,North,459,21,Female,3.923712144
17-03-2023,Widget A,North,167,68,Male,2.150873738
18-03-2023,Widget D,East,962,36,Male,3.948254071
19-03-2023,Widget A,North,511,55,Male,1.280405921
20-03-2023,Widget D,East,590,44,Female,4.458165366
21-03-2023,Widget D,West,932,62,Male,2.998265854
22-03-2023,Widget C,South,148,60,Female,2.754032067
23-03-2023,Widget C,North,786,30,Male,3.444093646
24-03-2023,Widget B,South,663,30,Male,3.496768292
25-03-2023,Widget C,South,201,39,Female,1.528140708
26-03-2023,Widget B,West,315,45,Male,4.024934359
27-03-2023,Widget B,South,537,69,Male,2.103713192
28-03-2023,Widget B,East,799,64,Male,4.619847521
29-03-2023,Widget B,South,668,62,Female,4.271402654
30-03-2023,Widget B,South,658,39,Male,2.385064166
31-03-2023,Widget A,South,258,60,Female,4.230957173
01-04-2023,Widget C,North,588,36,Male,2.425561997
02-04-2023,Widget B,North,785,25,Male,1.403790727
03-04-2023,Widget D,East,341,69,Male,4.847552955
04-04-2023,Widget C,East,893,25,Male,3.610408061
05-04-2023,Widget C,North,852,59,Female,2.824398107
06-04-2023,Widget B,East,981,43,Male,2.591093406
07-04-2023,Widget A,North,104,65,Female,2.298821337
08-04-2023,Widget B,West,695,68,Female,4.925790382
09-04-2023,Widget A,South,919,43,Male,1.538989061
10-04-2023,Widget D,South,460,40,Male,2.259220236
11-04-2023,Widget C,East,558,60,Female,2.941990561
12-04-2023,Widget D,North,347,30,Female,2.91199818
13-04-2023,Widget A,North,665,45,Male,2.885465938
14-04-2023,Widget A,East,772,26,Male,1.703135263
15-04-2023,Widget D,North,521,37,Male,1.579730108
16-04-2023,Widget A,West,837,36,Male,2.019070345
17-04-2023,Widget D,South,114,65,Male,4.658104615
18-04-2023,Widget C,East,835,56,Female,1.452211871
19-04-2023,Widget D,East,672,68,Male,4.029700413
20-04-2023,Widget C,North,221,29,Male,4.030193573
21-04-2023,Widget D,East,376,32,Female,4.239081616
22-04-2023,Widget A,West,657,48,Male,4.546461956
23-04-2023,Widget D,North,552,31,Male,2.05214471
24-04-2023,Widget A,North,489,28,Female,1.898237877
25-04-2023,Widget D,North,393,43,Male,2.862022666
26-04-2023,Widget D,North,673,59,Female,2.060356675
27-04-2023,Widget B,West,697,44,Male,3.937239956
28-04-2023,Widget A,North,545,28,Male,3.543758307
29-04-2023,Widget B,East,309,55,Male,4.499950752
30-04-2023,Widget A,West,689,51,Female,1.330953214
01-05-2023,Widget B,South,813,60,Female,4.660333333
02-05-2023,Widget C,South,401,36,Female,2.173394507
03-05-2023,Widget D,East,322,23,Female,2.962777384
04-05-2023,Widget A,East,833,63,Male,2.754445744
05-05-2023,Widget A,West,102,69,Female,4.041246604
06-05-2023,Widget D,South,617,55,Female,2.681333238
07-05-2023,Widget A,South,192,66,Female,4.774212583
08-05-2023,Widget A,South,619,59,Male,4.610135531
09-05-2023,Widget B,South,527,45,Male,4.488644608
10-05-2023,Widget A,South,592,18,Female,1.285033331
11-05-2023,Widget C,North,334,52,Female,4.417032246
12-05-2023,Widget C,East,719,57,Male,4.126541782
13-05-2023,Widget D,North,260,25,Female,1.414051788
14-05-2023,Widget A,South,820,69,Female,1.429657302
15-05-2023,Widget D,West,851,64,Female,1.404655246
16-05-2023,Widget C,West,430,24,Female,1.045330373
17-05-2023,Widget A,South,432,28,Male,3.194537221
18-05-2023,Widget A,South,149,56,Male,4.893577166
19-05-2023,Widget D,West,622,21,Male,2.754738812
20-05-2023,Widget C,North,962,42,Female,3.163030008
21-05-2023,Widget A,North,767,29,Female,4.871879187
22-05-2023,Widget D,South,591,43,Male,2.020728915
23-05-2023,Widget C,North,681,55,Male,4.43388101
24-05-2023,Widget D,West,780,63,Male,3.185561869
25-05-2023,Widget B,North,371,29,Female,3.277906059
26-05-2023,Widget A,South,679,60,Male,2.372695429
27-05-2023,Widget B,West,966,68,Female,3.246337444
28-05-2023,Widget C,North,351,54,Female,1.292570038
29-05-2023,Widget B,East,659,63,Male,4.05857429
30-05-2023,Widget B,West,795,41,Male,2.138751046
31-05-2023,Widget C,West,931,33,Female,4.550433318
01-06-2023,Widget D,East,798,30,Male,2.471402778
02-06-2023,Widget B,East,189,42,Male,1.571296442
03-06-2023,Widget D,West,545,69,Female,3.783526297
04-06-2023,Widget B,East,431,21,Female,1.658312579
05-06-2023,Widget D,South,238,28,Female,4.014722062
06-06-2023,Widget C,South,456,49,Female,4.872448946
07-06-2023,Widget B,South,700,66,Female,4.118211475
08-06-2023,Widget C,West,373,24,Male,1.089796994
09-06-2023,Widget B,East,118,63,Female,3.399543152
10-06-2023,Widget C,East,410,28,Female,3.781642684
11-06-2023,Widget C,North,969,45,Female,4.301833303
12-06-2023,Widget B,North,985,58,Male,1.224009236
13-06-2023,Widget B,East,253,40,Female,2.920431312
14-06-2023,Widget B,East,489,62,Female,3.141483491
15-06-2023,Widget A,East,359,40,Female,1.676499451
16-06-2023,Widget D,West,719,67,Male,2.289799239
17-06-2023,Widget A,East,982,45,Female,2.760886905
18-06-2023,Widget A,North,896,60,Female,4.332838752
19-06-2023,Widget C,West,670,64,Female,4.717630264
20-06-2023,Widget B,East,224,43,Male,3.513691316
21-06-2023,Widget D,North,453,42,Male,2.579780744
22-06-2023,Widget C,West,372,46,Male,2.016124071
23-06-2023,Widget A,East,718,36,Male,4.928540738
24-06-2023,Widget B,East,910,50,Female,4.932079992
25-06-2023,Widget C,East,344,53,Female,4.699907793
26-06-2023,Widget B,West,947,31,Male,4.1426766
27-06-2023,Widget C,North,549,31,Male,2.303118175
28-06-2023,Widget B,North,346,52,Female,4.268001934
29-06-2023,Widget A,South,619,47,Female,2.635172069
30-06-2023,Widget D,East,240,45,Male,2.307092393
01-07-2023,Widget A,South,461,34,Male,3.979461434
02-07-2023,Widget D,South,107,20,Male,1.31861571
03-07-2023,Widget B,North,577,33,Male,1.194250893
04-07-2023,Widget C,West,451,63,Female,2.791814789
05-07-2023,Widget A,West,594,47,Male,2.782555203
06-07-2023,Widget D,North,705,69,Male,4.582576612
07-07-2023,Widget A,West,932,46,Female,1.504612385
08-07-2023,Widget D,South,526,62,Female,1.49313571
09-07-2023,Widget A,East,138,32,Female,1.589810402
10-07-2023,Widget D,North,692,63,Female,1.118945045
11-07-2023,Widget D,East,286,42,Female,1.286926951
12-07-2023,Widget B,West,695,68,Male,3.639479467
13-07-2023,Widget D,East,699,55,Male,2.726337316
14-07-2023,Widget B,West,853,59,Male,4.054412268
15-07-2023,Widget D,West,953,64,Female,4.970390874
16-07-2023,Widget C,South,192,69,Male,3.636138724
17-07-2023,Widget C,West,185,55,Female,1.201822282
18-07-2023,Widget C,South,143,40,Male,1.418251459
19-07-2023,Widget D,South,236,42,Male,4.524016339
20-07-2023,Widget B,South,520,59,Female,3.109983778
21-07-2023,Widget B,North,173,24,Female,4.299348638
22-07-2023,Widget D,North,647,39,Male,4.426449345
23-07-2023,Widget C,West,712,34,Male,4.710698166
24-07-2023,Widget C,South,611,35,Male,4.799316822
25-07-2023,Widget B,North,255,66,Male,3.219303186
26-07-2023,Widget C,South,354,58,Male,2.364080689
27-07-2023,Widget A,East,270,27,Female,4.847459497
28-07-2023,Widget B,East,827,27,Female,3.189625624
29-07-2023,Widget C,East,269,24,Female,1.257010892
30-07-2023,Widget B,West,863,65,Female,3.5711062
31-07-2023,Widget A,South,971,67,Male,3.350739002
01-08-2023,Widget B,East,421,55,Male,4.583171492
02-08-2023,Widget B,North,666,44,Female,3.612748757
03-08-2023,Widget B,East,555,69,Male,2.396209698
04-08-2023,Widget B,East,702,50,Female,4.864902903
05-08-2023,Widget A,East,889,18,Male,4.206477944
06-08-2023,Widget D,West,712,61,Male,3.521670474
07-08-2023,Widget B,North,254,51,Male,2.171700814
08-08-2023,Widget B,South,988,21,Female,2.494161185
09-08-2023,Widget C,North,448,34,Female,3.679879696
10-08-2023,Widget B,South,550,21,Female,1.287923274
11-08-2023,Widget C,West,975,60,Female,2.026722367
12-08-2023,Widget D,West,752,43,Male,3.855603734
13-08-2023,Widget A,West,272,21,Male,2.920074039
14-08-2023,Widget A,West,109,18,Male,2.609574259
15-08-2023,Widget D,South,839,24,Male,1.60583049
16-08-2023,Widget A,East,364,47,Female,2.767396138
17-08-2023,Widget D,South,537,67,Male,4.082767883
18-08-2023,Widget D,North,859,26,Male,2.056051384
19-08-2023,Widget D,West,346,52,Male,1.021594169
20-08-2023,Widget A,West,766,25,Female,3.674019605
21-08-2023,Widget C,North,645,41,Female,4.890506418
22-08-2023,Widget D,South,598,36,Female,3.427306254
23-08-2023,Widget B,East,228,53,Male,1.479687436
24-08-2023,Widget A,East,771,67,Female,2.282932369
25-08-2023,Widget D,North,700,69,Male,4.470566459
26-08-2023,Widget D,East,704,60,Male,1.930272297
27-08-2023,Widget B,South,426,44,Male,3.430783614
28-08-2023,Widget C,South,852,49,Female,2.610684833
29-08-2023,Widget C,North,934,31,Female,1.831374886
30-08-2023,Widget C,South,503,35,Male,4.253627574
31-08-2023,Widget D,West,728,45,Male,3.971325106
01-09-2023,Widget D,North,705,46,Female,3.646364264
02-09-2023,Widget D,South,774,33,Female,1.945346361
03-09-2023,Widget A,North,710,52,Female,1.391428011
04-09-2023,Widget B,East,724,64,Male,3.304637319
05-09-2023,Widget D,South,458,48,Male,3.214711334
06-09-2023,Widget B,West,702,21,Male,1.753540037
07-09-2023,Widget B,South,957,54,Female,1.224986777
08-09-2023,Widget C,North,817,34,Female,1.322833817
09-09-2023,Widget A,North,116,56,Female,4.971083946
10-09-2023,Widget D,South,373,65,Male,4.134335579
11-09-2023,Widget C,West,784,63,Male,4.687949904
12-09-2023,Widget C,West,215,43,Female,1.780218889
13-09-2023,Widget D,West,960,65,Male,4.842274145
14-09-2023,Widget B,North,792,56,Female,1.570617406
15-09-2023,Widget C,South,190,58,Male,3.036327314
16-09-2023,Widget B,East,181,21,Female,4.318782738
17-09-2023,Widget A,North,423,47,Male,2.399213418
18-09-2023,Widget B,West,213,47,Male,2.699314133
19-09-2023,Widget A,South,868,39,Female,1.512740441
20-09-2023,Widget B,West,157,28,Female,1.49168752
21-09-2023,Widget C,East,253,19,Female,3.478272899
22-09-2023,Widget C,West,976,61,Female,3.702129474
23-09-2023,Widget A,West,503,29,Female,4.109330056
24-09-2023,Widget D,East,727,47,Male,3.226728211
25-09-2023,Widget A,South,954,53,Female,3.583037169
26-09-2023,Widget A,North,365,35,Female,1.054069087
27-09-2023,Widget B,South,414,43,Female,1.648682909
28-09-2023,Widget B,East,814,24,Male,4.939659064
29-09-2023,Widget A,West,140,18,Female,1.303974025
30-09-2023,Widget C,South,204,43,Female,3.715152889
01-10-2023,Widget B,North,989,40,Female,1.704330532
02-10-2023,Widget D,East,292,43,Male,3.866874343
03-10-2023,Widget B,South,500,62,Male,3.823961612
04-10-2023,Widget B,North,377,23,Female,1.936796239
05-10-2023,Widget D,East,453,23,Male,2.078537597
06-10-2023,Widget A,North,848,61,Female,3.619082854
07-10-2023,Widget D,East,832,25,Male,2.560344155
08-10-2023,Widget A,West,679,41,Female,1.778191879
09-10-2023,Widget A,South,808,39,Male,3.926718395
10-10-2023,Widget A,North,355,36,Female,1.616590097
11-10-2023,Widget D,East,750,54,Female,4.422574657
12-10-2023,Widget A,North,923,35,Male,3.058678096
13-10-2023,Widget C,North,760,48,Female,1.422802416
14-10-2023,Widget D,South,198,54,Female,3.776289334
15-10-2023,Widget C,West,687,47,Female,3.076652158
16-10-2023,Widget A,North,381,59,Female,2.192230287
17-10-2023,Widget B,East,982,50,Male,2.690157521
18-10-2023,Widget A,East,502,27,Female,2.193350974
19-10-2023,Widget C,West,208,54,Male,2.052103343
20-10-2023,Widget C,East,799,29,Male,1.654433683
21-10-2023,Widget D,West,298,47,Male,2.451068533
22-10-2023,Widget B,East,402,44,Male,2.003948825
23-10-2023,Widget D,South,426,56,Female,3.733737948
24-10-2023,Widget C,North,253,26,Female,3.735506965
25-10-2023,Widget A,South,651,38,Male,3.00736097
26-10-2023,Widget B,North,744,29,Female,4.11177811
27-10-2023,Widget A,North,504,46,Male,4.365358876
28-10-2023,Widget A,North,561,50,Female,3.31906583
29-10-2023,Widget B,South,231,60,Female,3.475740651
30-10-2023,Widget D,North,890,32,Female,2.131543639
31-10-2023,Widget A,South,973,19,Male,4.579476803
01-11-2023,Widget C,West,183,69,Male,1.096824178
02-11-2023,Widget A,East,498,56,Female,2.394409878
03-11-2023,Widget B,East,853,61,Male,3.887201686
04-11-2023,Widget B,North,727,35,Male,1.320358039
05-11-2023,Widget B,South,208,20,Female,1.73267811
06-11-2023,Widget D,East,320,24,Male,3.357142911
07-11-2023,Widget A,South,652,60,Female,3.239974686
08-11-2023,Widget D,South,467,35,Female,3.955713185
09-11-2023,Widget D,North,246,61,Female,4.250450556
10-11-2023,Widget B,East,211,55,Male,1.514318314
11-11-2023,Widget B,North,714,54,Female,1.073523959
12-11-2023,Widget D,North,657,50,Female,3.758554079
13-11-2023,Widget A,East,593,61,Male,2.205567183
14-11-2023,Widget C,East,604,48,Male,3.503935656
15-11-2023,Widget D,West,574,28,Male,1.602178352
16-11-2023,Widget A,West,935,21,Male,2.876160187
17-11-2023,Widget B,South,989,35,Female,3.017698984
18-11-2023,Widget B,East,370,21,Male,3.340311265
19-11-2023,Widget A,West,520,66,Male,3.052680065
20-11-2023,Widget C,South,996,51,Male,2.982763081
21-11-2023,Widget B,South,806,46,Male,2.330936616
22-11-2023,Widget B,South,466,41,Female,1.284720945
23-11-2023,Widget B,West,379,39,Male,1.358080787
24-11-2023,Widget A,East,382,19,Female,2.735113098
25-11-2023,Widget D,North,139,61,Male,2.423172511
26-11-2023,Widget B,South,288,23,Female,3.064539219
27-11-2023,Widget D,West,263,59,Female,2.219352677
28-11-2023,Widget C,West,635,42,Male,3.751640366
29-11-2023,Widget B,North,635,38,Female,4.455819288
30-11-2023,Widget B,North,103,33,Male,2.195452755
01-12-2023,Widget C,West,934,48,Female,1.771936032
02-12-2023,Widget B,East,389,31,Female,1.464722297
03-12-2023,Widget D,North,532,56,Female,3.465016162
04-12-2023,Widget A,West,570,45,Male,2.775423965
05-12-2023,Widget D,North,280,49,Female,1.752062869
06-12-2023,Widget A,East,347,45,Male,3.612546933
07-12-2023,Widget A,South,727,68,Female,1.593932732
08-12-2023,Widget D,North,378,66,Female,3.217202823
09-12-2023,Widget D,East,976,26,Female,3.108593527
10-12-2023,Widget D,West,680,62,Female,3.936911205
11-12-2023,Widget D,North,962,39,Female,1.22043856
12-12-2023,Widget C,North,353,49,Female,4.551491727
13-12-2023,Widget B,West,280,22,Male,3.811966905
14-12-2023,Widget A,South,929,40,Male,1.864503993
15-12-2023,Widget D,West,780,22,Male,1.733621394
16-12-2023,Widget D,North,924,59,Female,2.726640857
17-12-2023,Widget D,West,608,49,Male,4.270261318
18-12-2023,Widget C,East,860,27,Female,4.371799973
19-12-2023,Widget D,West,799,56,Male,3.081824369
20-12-2023,Widget D,North,665,32,Male,4.443243451
21-12-2023,Widget D,West,425,24,Female,1.021774837
22-12-2023,Widget B,South,456,46,Female,1.140698526
23-12-2023,Widget C,West,924,64,Male,4.647286375
24-12-2023,Widget D,South,749,20,Male,4.10132772
25-12-2023,Widget A,East,779,36,Male,2.802824233
26-12-2023,Widget A,South,490,27,Male,4.014440526
27-12-2023,Widget A,West,714,45,Female,4.822557847
28-12-2023,Widget C,North,184,46,Male,4.088358096
29-12-2023,Widget C,South,416,32,Female,4.369485335
30-12-2023,Widget A,East,311,52,Female,4.042426326
31-12-2023,Widget D,South,614,23,Male,1.67284437
01-01-2024,Widget C,South,483,29,Female,4.334296439
02-01-2024,Widget A,South,790,64,Male,1.78043528
03-01-2024,Widget A,East,441,55,Female,4.570445312
04-01-2024,Widget D,West,914,30,Female,2.834599592
05-01-2024,Widget B,South,943,46,Male,3.707907009
06-01-2024,Widget C,South,137,36,Female,2.988963392
07-01-2024,Widget D,North,610,20,Female,1.375963718
08-01-2024,Widget A,East,519,25,Male,2.16288923
09-01-2024,Widget A,South,850,25,Female,4.934927416
10-01-2024,Widget D,East,268,37,Female,4.842859007
11-01-2024,Widget C,South,442,64,Male,2.281947591
12-01-2024,Widget B,West,925,21,Male,4.985187217
13-01-2024,Widget B,West,405,68,Female,4.382204782
14-01-2024,Widget A,South,641,38,Female,3.443837998
15-01-2024,Widget C,West,801,20,Female,1.160498481
16-01-2024,Widget B,South,968,62,Male,4.605787318
17-01-2024,Widget C,West,636,25,Female,3.229717117
18-01-2024,Widget C,North,211,40,Female,4.473904605
19-01-2024,Widget A,North,510,33,Female,4.33771648
20-01-2024,Widget B,North,305,30,Female,4.332024861
21-01-2024,Widget D,East,284,20,Female,3.792695443
22-01-2024,Widget A,East,481,65,Female,2.165660555
23-01-2024,Widget B,North,595,26,Male,2.344641031
24-01-2024,Widget B,East,478,31,Male,2.23387685
25-01-2024,Widget B,West,146,30,Female,1.080183998
26-01-2024,Widget B,South,985,24,Female,3.330275637
27-01-2024,Widget B,South,839,32,Male,3.795334682
28-01-2024,Widget C,South,650,24,Male,4.415463974
29-01-2024,Widget A,North,627,55,Male,1.560661734
30-01-2024,Widget C,East,603,51,Female,3.176732596
31-01-2024,Widget D,West,121,58,Female,1.032032563
01-02-2024,Widget B,West,312,39,Female,1.380374591
02-02-2024,Widget A,North,409,41,Female,1.216846977
03-02-2024,Widget B,West,760,66,Male,3.901912136
04-02-2024,Widget A,West,852,54,Male,1.324238256
05-02-2024,Widget C,West,371,61,Male,3.865811926
06-02-2024,Widget A,West,670,18,Male,1.998498818
07-02-2024,Widget D,East,898,27,Female,4.510851843
08-02-2024,Widget D,West,301,60,Female,4.252599953
09-02-2024,Widget A,South,131,33,Male,4.83132087
10-02-2024,Widget A,North,542,63,Male,4.535048062
11-02-2024,Widget A,East,261,25,Male,4.733317676
12-02-2024,Widget A,West,866,66,Male,4.434969586
13-02-2024,Widget D,East,353,42,Male,3.773527602
14-02-2024,Widget B,West,620,67,Female,1.681036609
15-02-2024,Widget A,South,750,29,Female,2.086830075
16-02-2024,Widget A,North,579,42,Male,1.850907865
17-02-2024,Widget D,West,109,34,Male,3.414343151
18-02-2024,Widget D,West,825,43,Male,3.014479752
19-02-2024,Widget C,West,604,63,Female,4.468319989
20-02-2024,Widget A,West,884,65,Female,4.810691466
21-02-2024,Widget C,North,935,31,Female,2.619439558
22-02-2024,Widget D,North,659,58,Male,3.025402213
23-02-2024,Widget D,South,535,53,Female,4.886065427
24-02-2024,Widget B,North,210,40,Male,2.104955766
25-02-2024,Widget A,West,252,60,Female,4.169563101
26-02-2024,Widget C,South,734,23,Female,1.900959609
27-02-2024,Widget D,South,968,64,Female,3.725840462
28-02-2024,Widget D,South,201,22,Male,2.014462511
29-02-2024,Widget C,West,852,60,Male,4.534933555
01-03-2024,Widget B,East,932,42,Female,3.245911775
02-03-2024,Widget D,West,290,35,Male,1.743734563
03-03-2024,Widget A,North,828,30,Male,1.897476703
04-03-2024,Widget D,North,662,60,Male,2.975396783
05-03-2024,Widget A,West,903,31,Male,4.846408102
06-03-2024,Widget C,West,180,45,Male,4.078568656
07-03-2024,Widget A,South,588,35,Male,2.953238571
08-03-2024,Widget C,West,994,45,Male,2.350876578
09-03-2024,Widget A,South,187,68,Female,3.197073973
10-03-2024,Widget C,North,293,44,Male,3.993443334
11-03-2024,Widget A,South,203,49,Male,4.135714354
12-03-2024,Widget B,West,882,64,Female,2.298435192
13-03-2024,Widget A,North,195,26,Female,3.884637073
14-03-2024,Widget A,East,522,57,Female,3.63115512
15-03-2024,Widget B,South,990,49,Female,4.836449168
16-03-2024,Widget D,North,297,37,Male,4.724361162
17-03-2024,Widget D,South,100,45,Female,4.157517302
18-03-2024,Widget A,North,506,50,Female,3.893578755
19-03-2024,Widget B,North,477,21,Male,2.096166359
20-03-2024,Widget A,South,266,63,Male,4.383861024
21-03-2024,Widget C,East,608,51,Male,2.710022815
22-03-2024,Widget C,North,737,65,Female,2.08896217
23-03-2024,Widget A,North,412,20,Male,2.536643032
24-03-2024,Widget D,North,692,43,Female,4.34374196
25-03-2024,Widget D,East,517,25,Male,1.594532862
26-03-2024,Widget A,East,862,23,Male,2.824634964
27-03-2024,Widget A,West,780,33,Female,2.969430378
28-03-2024,Widget C,South,576,41,Male,1.14651879
29-03-2024,Widget D,East,172,65,Male,1.782984118
30-03-2024,Widget A,South,240,56,Male,4.306969714
31-03-2024,Widget C,West,681,47,Male,4.323069554
01-04-2024,Widget D,South,361,62,Male,2.169660336
02-04-2024,Widget B,East,439,30,Female,4.499588938
03-04-2024,Widget C,South,407,22,Female,4.087131756
04-04-2024,Widget D,East,344,42,Male,2.671629935
05-04-2024,Widget D,South,614,37,Female,3.993625378
06-04-2024,Widget C,East,436,35,Female,4.845338525
07-04-2024,Widget B,East,674,64,Female,2.835878872
08-04-2024,Widget C,South,660,35,Male,1.953708716
09-04-2024,Widget D,West,175,19,Male,4.767266
10-04-2024,Widget A,North,979,27,Male,3.414977154
11-04-2024,Widget A,West,274,62,Female,1.42106065
12-04-2024,Widget C,South,208,67,Female,3.290731263
13-04-2024,Widget D,West,282,64,Male,3.002323558
14-04-2024,Widget A,East,291,29,Male,4.422355576
15-04-2024,Widget D,North,164,64,Female,3.122780759
16-04-2024,Widget C,South,948,30,Female,2.020929737
17-04-2024,Widget A,South,573,67,Male,3.702576255
18-04-2024,Widget D,South,882,64,Female,3.17030181
19-04-2024,Widget A,North,199,28,Female,1.932178513
20-04-2024,Widget C,East,643,36,Female,3.294511432
21-04-2024,Widget D,South,963,52,Female,4.286142312
22-04-2024,Widget A,West,227,56,Female,1.114283671
23-04-2024,Widget C,South,551,43,Female,3.523404155
24-04-2024,Widget A,South,468,63,Female,2.398340783
25-04-2024,Widget A,South,950,31,Male,2.170685783
26-04-2024,Widget B,South,142,62,Male,2.570351001
27-04-2024,Widget B,East,983,61,Female,2.368090657
28-04-2024,Widget C,West,518,41,Female,4.328956427
29-04-2024,Widget B,East,587,58,Female,2.099191243
30-04-2024,Widget C,West,177,18,Male,3.932612092
01-05-2024,Widget B,South,925,68,Male,1.376239281
02-05-2024,Widget A,North,900,60,Female,4.80558549
03-05-2024,Widget C,East,369,39,Male,3.489266549
04-05-2024,Widget C,North,773,40,Female,3.826874308
05-05-2024,Widget A,East,800,36,Female,2.192157328
06-05-2024,Widget C,South,858,35,Female,2.648386275
07-05-2024,Widget C,East,999,29,Female,1.895113545
08-05-2024,Widget B,South,827,45,Female,4.730144343
09-05-2024,Widget C,East,414,45,Female,2.952417788
10-05-2024,Widget D,South,950,50,Female,3.521792463
11-05-2024,Widget A,South,988,36,Male,3.937088122
12-05-2024,Widget B,West,267,45,Female,2.484424364
13-05-2024,Widget B,South,438,69,Male,3.880406618
14-05-2024,Widget D,West,292,66,Female,3.703969959
15-05-2024,Widget A,South,552,54,Female,3.822637335
16-05-2024,Widget A,North,382,43,Male,2.956919601
17-05-2024,Widget B,South,435,52,Male,2.531749529
18-05-2024,Widget C,North,489,51,Female,1.888328753
19-05-2024,Widget B,North,624,52,Male,4.298505411
20-05-2024,Widget A,South,339,57,Female,3.433400186
21-05-2024,Widget D,North,931,33,Female,2.777408784
22-05-2024,Widget B,West,582,55,Male,4.775983627
23-05-2024,Widget A,East,758,30,Male,1.19135525
24-05-2024,Widget B,South,815,40,Male,4.400687781
25-05-2024,Widget C,North,691,39,Male,4.990330372
26-05-2024,Widget B,South,990,33,Female,4.547768444
27-05-2024,Widget B,West,654,45,Male,4.241746342
28-05-2024,Widget A,South,557,65,Male,2.497223974
29-05-2024,Widget A,South,188,52,Male,1.925256729
30-05-2024,Widget A,North,759,62,Male,3.939402082
31-05-2024,Widget B,West,194,63,Male,2.218301465
01-06-2024,Widget C,East,551,25,Female,1.704158729
02-06-2024,Widget D,East,527,61,Female,4.146103548
03-06-2024,Widget D,North,250,39,Male,2.250174609
04-06-2024,Widget A,South,613,38,Male,4.657766918
05-06-2024,Widget A,North,475,43,Female,4.362530579
06-06-2024,Widget B,North,121,57,Male,4.390561318
07-06-2024,Widget D,North,982,38,Female,4.086278904
08-06-2024,Widget A,South,412,42,Female,4.523525695
09-06-2024,Widget C,West,939,58,Male,4.222987569
10-06-2024,Widget C,North,618,18,Female,3.410045454
11-06-2024,Widget A,South,305,23,Male,2.183290874
12-06-2024,Widget A,West,474,40,Male,4.552836773
13-06-2024,Widget D,North,550,68,Female,4.362414491
14-06-2024,Widget D,East,725,40,Female,2.891517289
15-06-2024,Widget B,West,883,60,Male,1.156314744
16-06-2024,Widget D,North,694,60,Female,3.55417491
17-06-2024,Widget C,West,278,40,Male,1.202387415
18-06-2024,Widget C,West,309,49,Female,4.705119847
19-06-2024,Widget A,West,599,47,Female,4.846525027
20-06-2024,Widget D,West,563,30,Male,1.757960584
21-06-2024,Widget B,West,939,60,Male,3.705557512
22-06-2024,Widget C,West,223,35,Male,1.369076018
23-06-2024,Widget C,North,212,40,Female,3.918067714
24-06-2024,Widget B,East,111,32,Male,2.389150665
25-06-2024,Widget B,South,225,50,Male,3.724200447
26-06-2024,Widget C,West,664,38,Female,2.491506037
27-06-2024,Widget C,South,430,56,Female,1.582270039
28-06-2024,Widget B,North,382,40,Male,2.624439922
29-06-2024,Widget C,West,239,44,Male,1.450694107
30-06-2024,Widget A,East,500,62,Male,3.3075331
01-07-2024,Widget A,South,196,61,Male,1.163806129
02-07-2024,Widget B,West,616,35,Female,3.109278718
03-07-2024,Widget D,North,668,41,Female,4.545474588
04-07-2024,Widget B,East,945,68,Male,4.35149308
05-07-2024,Widget B,South,168,64,Male,4.531126799
06-07-2024,Widget D,South,217,57,Male,4.688195209
07-07-2024,Widget D,West,987,68,Female,1.418111552
08-07-2024,Widget D,East,158,59,Male,1.514988812
09-07-2024,Widget A,East,132,24,Male,3.228027225
10-07-2024,Widget C,East,417,67,Female,4.575890674
11-07-2024,Widget A,East,149,65,Female,4.897397826
12-07-2024,Widget C,North,979,37,Male,1.185047669
13-07-2024,Widget A,East,588,44,Male,2.423096337
14-07-2024,Widget C,South,118,23,Female,1.851577019
15-07-2024,Widget A,South,825,44,Male,4.023863396
16-07-2024,Widget D,North,296,26,Male,3.560775474
17-07-2024,Widget B,South,990,62,Female,1.479552126
18-07-2024,Widget A,South,549,48,Female,2.934088269
19-07-2024,Widget C,East,658,38,Female,3.741762089
20-07-2024,Widget D,South,778,43,Male,4.116021576
21-07-2024,Widget A,North,551,57,Female,1.080210839
22-07-2024,Widget A,East,388,65,Female,4.561878296
23-07-2024,Widget D,West,240,62,Male,3.277125532
24-07-2024,Widget A,East,183,30,Male,4.24763646
25-07-2024,Widget B,North,793,66,Female,4.23175212
26-07-2024,Widget A,East,490,40,Female,1.759410641
27-07-2024,Widget B,East,690,37,Male,1.440688481
28-07-2024,Widget B,North,314,54,Male,3.885149076
29-07-2024,Widget D,East,625,45,Female,1.625707675
30-07-2024,Widget A,North,314,34,Female,4.399749966
31-07-2024,Widget D,North,502,45,Male,3.904757935
01-08-2024,Widget A,West,227,58,Female,4.367301457
02-08-2024,Widget A,South,921,19,Male,2.196050718
03-08-2024,Widget C,South,576,42,Female,2.266392242
04-08-2024,Widget A,East,859,67,Male,3.684886225
05-08-2024,Widget D,East,503,58,Male,1.12578382
06-08-2024,Widget B,West,128,23,Female,3.905986985
07-08-2024,Widget A,West,891,28,Female,4.343132283
08-08-2024,Widget C,West,437,55,Male,2.660654346
09-08-2024,Widget D,North,930,23,Female,4.05951532
10-08-2024,Widget A,West,813,62,Female,1.698443668
11-08-2024,Widget D,West,460,28,Female,2.289041575
12-08-2024,Widget C,East,668,31,Male,4.897219852
13-08-2024,Widget C,West,491,19,Female,4.945312694
14-08-2024,Widget D,North,317,57,Female,3.050420212
15-08-2024,Widget A,North,673,20,Male,4.737079166
16-08-2024,Widget B,East,768,52,Female,3.090922712
17-08-2024,Widget C,West,301,50,Female,2.166352513
18-08-2024,Widget A,West,116,41,Male,2.067597152
19-08-2024,Widget A,North,421,36,Male,4.718022821
20-08-2024,Widget B,West,617,35,Female,1.689785556
21-08-2024,Widget C,West,669,66,Female,3.318529833
22-08-2024,Widget C,West,424,69,Male,3.222100272
23-08-2024,Widget A,South,511,41,Male,3.958486739
24-08-2024,Widget A,East,417,62,Female,2.99697163
25-08-2024,Widget B,South,780,52,Female,2.089142643
26-08-2024,Widget B,East,181,18,Female,1.677585999
27-08-2024,Widget C,North,573,53,Male,3.483275214
28-08-2024,Widget D,West,567,42,Female,3.875963027
29-08-2024,Widget C,East,524,62,Male,3.278085115
30-08-2024,Widget A,South,830,66,Male,3.953405108
31-08-2024,Widget C,West,788,60,Male,1.56608481
01-09-2024,Widget D,North,303,51,Female,4.52988078
02-09-2024,Widget B,East,682,42,Female,3.329582034
03-09-2024,Widget D,East,486,33,Female,1.507375708
04-09-2024,Widget D,East,877,51,Male,2.847700817
05-09-2024,Widget D,West,197,46,Female,4.379166951
06-09-2024,Widget B,South,444,36,Male,4.590248774
07-09-2024,Widget D,South,902,40,Male,2.05859802
08-09-2024,Widget D,East,307,36,Male,3.845063299
09-09-2024,Widget D,North,613,42,Male,1.39994099
10-09-2024,Widget A,North,735,33,Male,1.134183486
11-09-2024,Widget D,South,891,68,Male,3.241595815
12-09-2024,Widget B,North,685,26,Female,3.779310317
13-09-2024,Widget D,South,265,18,Male,4.183146925
14-09-2024,Widget D,East,121,59,Female,2.360864954
15-09-2024,Widget B,South,253,36,Male,1.026101642
16-09-2024,Widget D,South,538,50,Female,2.918076948
17-09-2024,Widget B,East,394,51,Female,1.063414181
18-09-2024,Widget D,North,318,33,Female,1.367938043
19-09-2024,Widget B,South,768,61,Female,2.30675609
20-09-2024,Widget D,South,594,57,Male,2.748688198
21-09-2024,Widget D,East,329,35,Male,2.117877765
22-09-2024,Widget A,North,119,51,Male,3.327461066
23-09-2024,Widget A,South,652,42,Male,1.221399157
24-09-2024,Widget D,East,247,62,Female,1.578318841
25-09-2024,Widget D,South,207,23,Female,3.781033603
26-09-2024,Widget C,West,502,38,Female,1.568563414
27-09-2024,Widget B,East,695,23,Male,3.559100806
28-09-2024,Widget C,North,582,49,Female,1.218738483
29-09-2024,Widget A,North,466,58,Male,2.629529116
30-09-2024,Widget A,North,933,65,Female,1.70963788
01-10-2024,Widget A,North,513,60,Female,1.43854513
02-10-2024,Widget A,South,408,56,Female,3.268131134
03-10-2024,Widget D,South,901,48,Female,4.713343088
04-10-2024,Widget A,North,934,59,Female,1.219148192
05-10-2024,Widget D,North,233,27,Male,2.686216993
06-10-2024,Widget D,North,818,47,Female,3.830141751
07-10-2024,Widget A,South,382,69,Male,2.850751327
08-10-2024,Widget A,North,877,35,Male,4.225983784
09-10-2024,Widget B,North,172,41,Male,1.718581263
10-10-2024,Widget C,West,580,69,Male,4.83837682
11-10-2024,Widget A,West,451,26,Male,2.540650511
12-10-2024,Widget B,North,659,48,Male,2.366278532
13-10-2024,Widget B,East,425,32,Male,4.498423178
14-10-2024,Widget C,North,844,21,Male,3.255468128
15-10-2024,Widget D,West,542,57,Female,3.065777368
16-10-2024,Widget A,East,199,26,Female,3.907911678
17-10-2024,Widget C,East,158,62,Male,3.319336953
18-10-2024,Widget A,North,607,26,Male,1.650062579
19-10-2024,Widget B,West,357,43,Male,3.696790491
20-10-2024,Widget B,West,512,21,Female,1.533875517
21-10-2024,Widget D,East,551,34,Female,4.223430821
22-10-2024,Widget B,North,164,33,Male,4.958946391
23-10-2024,Widget B,South,694,32,Male,2.5095505
24-10-2024,Widget C,South,253,52,Female,2.779023593
25-10-2024,Widget A,West,365,69,Female,1.185734622
26-10-2024,Widget A,South,920,22,Male,1.054932752
27-10-2024,Widget C,West,178,22,Male,4.68567734
28-10-2024,Widget D,West,414,37,Male,1.514496242
29-10-2024,Widget A,West,761,32,Male,2.78311499
30-10-2024,Widget B,South,659,35,Female,4.261418495
31-10-2024,Widget A,West,990,64,Female,4.55727504
01-11-2024,Widget B,East,347,19,Male,3.077590741
02-11-2024,Widget D,North,889,46,Male,3.2601301
03-11-2024,Widget C,North,967,30,Male,3.67873589
04-11-2024,Widget A,West,709,21,Female,4.845529881
05-11-2024,Widget C,North,513,59,Male,3.410679844
06-11-2024,Widget A,South,124,62,Male,3.237901038
07-11-2024,Widget B,South,383,27,Male,1.058136541
08-11-2024,Widget C,North,548,48,Female,1.323798808
09-11-2024,Widget A,South,980,58,Male,3.308686506
10-11-2024,Widget B,North,400,25,Female,4.744961551
11-11-2024,Widget C,North,167,20,Male,4.466765394
12-11-2024,Widget C,North,106,65,Male,4.930315692
13-11-2024,Widget A,West,916,63,Male,3.11133615
14-11-2024,Widget A,North,236,26,Female,4.151723754
15-11-2024,Widget A,West,263,47,Male,4.361601326
16-11-2024,Widget B,North,182,28,Male,3.592126629
17-11-2024,Widget A,North,996,52,Female,2.354999617
18-11-2024,Widget C,North,749,54,Female,2.879913739
19-11-2024,Widget C,South,519,59,Female,4.431668289
20-11-2024,Widget A,West,172,30,Male,2.194191704
21-11-2024,Widget A,West,336,53,Female,4.694972525
22-11-2024,Widget D,North,145,30,Male,1.919225366
23-11-2024,Widget C,North,717,29,Female,3.998065661
24-11-2024,Widget B,South,899,54,Female,3.522236937
25-11-2024,Widget D,South,361,27,Female,3.998397764
26-11-2024,Widget A,South,275,26,Male,2.74939029
27-11-2024,Widget A,West,265,69,Male,4.73056425
28-11-2024,Widget C,West,756,24,Male,3.52988881
29-11-2024,Widget A,West,941,19,Male,2.153183218
30-11-2024,Widget B,North,469,40,Male,3.553820283
01-12-2024,Widget C,West,894,56,Male,2.147262989
02-12-2024,Widget A,East,153,57,Male,2.174529567
03-12-2024,Widget C,East,789,56,Male,2.598394046
04-12-2024,Widget A,South,518,38,Male,4.40972167
05-12-2024,Widget A,West,855,40,Female,3.001191498
06-12-2024,Widget A,East,606,46,Female,3.715603369
07-12-2024,Widget B,South,440,31,Male,2.567870961
08-12-2024,Widget B,West,226,43,Male,2.054421759
09-12-2024,Widget C,North,508,68,Male,4.818560643
10-12-2024,Widget A,East,466,22,Male,3.414324988
11-12-2024,Widget A,North,370,48,Female,4.735805354
12-12-2024,Widget B,West,743,42,Female,1.813652009
13-12-2024,Widget A,East,704,48,Male,1.587576656
14-12-2024,Widget B,West,478,67,Female,4.423291628
15-12-2024,Widget A,North,172,37,Female,3.72366885
16-12-2024,Widget C,East,347,61,Male,1.746313997
17-12-2024,Widget A,North,959,34,Male,2.077438803
18-12-2024,Widget A,West,884,62,Male,4.202655766
19-12-2024,Widget D,West,142,19,Male,2.81547448
20-12-2024,Widget B,North,476,42,Female,3.682162026
21-12-2024,Widget A,East,140,30,Male,2.273408089
22-12-2024,Widget A,North,269,56,Female,2.524919811
23-12-2024,Widget D,West,311,45,Male,4.962850234
24-12-2024,Widget D,North,592,59,Female,1.990468349
25-12-2024,Widget B,West,779,23,Male,3.025825508
26-12-2024,Widget D,North,138,20,Male,4.377609373
27-12-2024,Widget C,East,468,52,Female,1.956892855
28-12-2024,Widget D,East,856,35,Female,2.660855027
29-12-2024,Widget C,North,250,28,Female,3.460365149
30-12-2024,Widget B,North,210,37,Male,2.924752606
31-12-2024,Widget B,East,579,22,Female,2.838009066
01-01-2025,Widget B,West,535,36,Female,2.450038925
02-01-2025,Widget B,East,146,39,Female,3.346585311
03-01-2025,Widget B,West,674,36,Female,3.497490792
04-01-2025,Widget C,North,836,64,Female,3.613158164
05-01-2025,Widget C,North,465,33,Female,1.281472432
06-01-2025,Widget B,West,168,41,Female,3.524136703
07-01-2025,Widget D,North,398,58,Female,4.812948715
08-01-2025,Widget A,West,901,21,Female,3.163944942
09-01-2025,Widget B,South,395,32,Male,3.86106833
10-01-2025,Widget D,East,302,42,Male,3.226929231
11-01-2025,Widget A,South,160,61,Female,4.418962474
12-01-2025,Widget B,West,929,52,Male,4.718332378
13-01-2025,Widget B,East,413,31,Male,1.736879597
14-01-2025,Widget C,West,260,66,Female,2.747440146
15-01-2025,Widget A,East,430,36,Female,2.569528404
16-01-2025,Widget A,East,627,55,Female,2.620860493
17-01-2025,Widget D,East,437,53,Female,1.502096725
18-01-2025,Widget C,East,705,24,Female,4.254462904
19-01-2025,Widget C,West,403,47,Female,1.143064972
20-01-2025,Widget C,East,602,36,Male,3.112906431
21-01-2025,Widget C,East,749,66,Female,3.647513552
22-01-2025,Widget A,South,437,42,Male,1.829877752
23-01-2025,Widget A,North,649,33,Female,4.623400768
24-01-2025,Widget B,North,738,64,Female,4.354196828
25-01-2025,Widget B,South,374,57,Male,2.884334918
26-01-2025,Widget C,South,263,68,Female,2.644595729
27-01-2025,Widget C,West,542,25,Female,1.946271701
28-01-2025,Widget C,West,418,35,Male,3.919972899
29-01-2025,Widget B,West,688,45,Female,1.526975199
30-01-2025,Widget D,South,603,33,Male,3.720951015
31-01-2025,Widget D,South,785,69,Female,4.369827944
01-02-2025,Widget B,East,486,36,Female,1.913886304
02-02-2025,Widget B,West,969,59,Male,4.465709612
03-02-2025,Widget B,West,932,34,Female,1.133292798
04-02-2025,Widget B,West,987,62,Male,4.651149542
05-02-2025,Widget B,North,702,30,Male,1.473448911
06-02-2025,Widget B,East,849,24,Male,3.583036712
07-02-2025,Widget C,West,875,44,Female,2.000329876
08-02-2025,Widget C,West,790,27,Female,4.346209565
09-02-2025,Widget C,West,593,51,Male,3.049201444
10-02-2025,Widget C,North,589,53,Female,1.540964765
11-02-2025,Widget B,North,820,42,Female,3.283966285
12-02-2025,Widget D,South,172,23,Female,2.631530441
13-02-2025,Widget A,East,608,41,Male,3.645791266
14-02-2025,Widget B,South,489,35,Female,4.527613139
15-02-2025,Widget A,East,718,40,Male,2.637556525
16-02-2025,Widget D,North,956,23,Female,2.159522718
17-02-2025,Widget C,West,394,46,Female,1.058060378
18-02-2025,Widget D,South,468,42,Male,3.299356151
19-02-2025,Widget B,West,895,34,Female,2.60909907
20-02-2025,Widget C,South,964,63,Male,2.498596876
21-02-2025,Widget B,North,793,41,Female,1.731741285
22-02-2025,Widget C,North,648,28,Male,2.720221381
23-02-2025,Widget A,North,748,43,Female,4.937767814
24-02-2025,Widget A,South,949,68,Female,2.191016615
25-02-2025,Widget A,East,667,51,Female,3.398817654
26-02-2025,Widget D,South,286,45,Male,4.105947525
27-02-2025,Widget B,East,952,20,Male,3.996631293
28-02-2025,Widget D,South,869,28,Male,2.31509715
01-03-2025,Widget A,South,544,55,Female,3.443440334
02-03-2025,Widget B,North,669,31,Male,4.485058741
03-03-2025,Widget A,West,462,68,Male,1.061789711
04-03-2025,Widget D,West,222,43,Male,2.742937427
05-03-2025,Widget D,East,287,65,Male,1.897093673
06-03-2025,Widget D,West,841,38,Male,2.554529162
07-03-2025,Widget A,South,779,56,Male,2.663958432
08-03-2025,Widget B,South,519,47,Male,3.986683859
09-03-2025,Widget B,North,725,25,Male,1.37528749
10-03-2025,Widget A,North,351,68,Male,3.050335613
11-03-2025,Widget B,West,718,37,Male,3.256779167
12-03-2025,Widget A,East,648,65,Female,2.976630414
13-03-2025,Widget B,West,434,49,Female,3.927493012
14-03-2025,Widget C,West,191,39,Male,2.535165024
15-03-2025,Widget C,West,629,24,Female,4.779868255
16-03-2025,Widget D,West,965,26,Female,2.92721377
17-03-2025,Widget C,South,162,62,Male,3.284855638
18-03-2025,Widget C,East,761,18,Male,4.302123293
19-03-2025,Widget C,South,611,46,Male,2.100944424
20-03-2025,Widget A,East,238,25,Female,1.300808115
21-03-2025,Widget C,North,797,21,Male,3.831135913
22-03-2025,Widget C,West,284,52,Female,2.932047422
23-03-2025,Widget D,South,304,20,Male,4.586017004
24-03-2025,Widget C,East,871,62,Female,4.930720195
25-03-2025,Widget C,North,313,57,Female,2.596437402
26-03-2025,Widget B,North,355,24,Male,2.661756065
27-03-2025,Widget D,West,234,44,Male,2.631850409
28-03-2025,Widget D,East,672,18,Female,2.298216439
29-03-2025,Widget D,South,974,44,Female,4.126748391
30-03-2025,Widget D,West,921,33,Male,4.03598305
31-03-2025,Widget D,South,187,55,Male,2.914579482
01-04-2025,Widget D,North,935,24,Female,1.178644866
02-04-2025,Widget A,South,306,61,Male,2.238237206
03-04-2025,Widget C,South,228,40,Female,2.169212186
04-04-2025,Widget D,West,922,58,Male,4.244348985
05-04-2025,Widget C,South,102,28,Male,1.350302294
06-04-2025,Widget C,West,853,59,Male,4.222701516
07-04-2025,Widget A,North,220,50,Female,3.676734609
08-04-2025,Widget D,West,484,67,Male,3.929765837
09-04-2025,Widget B,West,713,53,Female,2.72885275
10-04-2025,Widget A,East,137,54,Male,3.718903184
11-04-2025,Widget B,South,440,58,Female,3.436115779
12-04-2025,Widget C,North,744,34,Female,4.075920781
13-04-2025,Widget C,West,813,52,Male,2.787079338
14-04-2025,Widget A,North,959,65,Female,2.8913025
15-04-2025,Widget A,East,120,22,Female,3.574304891
16-04-2025,Widget B,South,341,65,Female,1.432309975
17-04-2025,Widget D,West,554,49,Female,2.744977793
18-04-2025,Widget B,South,720,20,Male,4.887803381
19-04-2025,Widget A,East,402,69,Male,1.15020928
20-04-2025,Widget B,East,695,64,Male,2.264018891
21-04-2025,Widget A,North,694,52,Female,2.256439276
22-04-2025,Widget B,West,902,69,Female,3.533856477
23-04-2025,Widget A,North,168,31,Male,1.423201438
24-04-2025,Widget A,East,228,65,Male,3.514176124
25-04-2025,Widget A,South,295,48,Female,1.380160963
26-04-2025,Widget D,North,239,48,Male,1.37981459
27-04-2025,Widget B,North,543,34,Male,3.912733429
28-04-2025,Widget B,South,382,41,Female,2.296540695
29-04-2025,Widget B,North,411,69,Male,4.909691791
30-04-2025,Widget A,South,845,40,Female,1.149411746
01-05-2025,Widget B,West,634,35,Male,2.780426655
02-05-2025,Widget B,South,764,67,Female,1.452543751
03-05-2025,Widget A,West,376,31,Female,2.405515867
04-05-2025,Widget C,South,160,67,Female,4.992889802
05-05-2025,Widget A,East,418,32,Female,4.555370047
06-05-2025,Widget B,East,989,32,Female,1.193297635
07-05-2025,Widget A,West,151,23,Male,3.253023375
08-05-2025,Widget C,West,955,44,Male,3.591289219
09-05-2025,Widget A,East,252,32,Male,1.838138496
10-05-2025,Widget B,West,848,67,Female,1.580422294
11-05-2025,Widget C,South,410,53,Male,4.617524539
12-05-2025,Widget D,South,913,25,Female,4.875265766
13-05-2025,Widget B,East,643,32,Female,4.967571429
14-05-2025,Widget C,North,666,20,Male,4.159047095
15-05-2025,Widget C,South,963,64,Female,3.654008278
16-05-2025,Widget D,West,488,30,Male,2.382921009
17-05-2025,Widget A,North,647,58,Female,1.685593249
18-05-2025,Widget A,North,721,51,Female,1.315922397
19-05-2025,Widget B,South,276,41,Male,3.773189874
20-05-2025,Widget D,South,461,57,Female,4.138893661
21-05-2025,Widget A,North,413,49,Male,4.30581461
22-05-2025,Widget D,North,906,49,Female,4.655060013
23-05-2025,Widget A,East,947,47,Male,4.519718255
24-05-2025,Widget C,West,196,69,Female,4.998965089
25-05-2025,Widget A,East,980,66,Male,1.976256044
26-05-2025,Widget D,South,312,30,Male,4.053230461
27-05-2025,Widget C,East,928,18,Female,3.345838049
28-05-2025,Widget C,East,236,51,Male,2.04498053
29-05-2025,Widget C,East,105,32,Female,4.927621289
30-05-2025,Widget D,East,208,61,Female,4.591592419
31-05-2025,Widget B,West,646,31,Male,1.514062674
01-06-2025,Widget B,West,138,46,Male,1.104633369
02-06-2025,Widget B,North,761,51,Male,3.753323049
03-06-2025,Widget D,South,524,35,Male,3.416522515
04-06-2025,Widget C,East,729,24,Male,4.743262496
05-06-2025,Widget B,North,360,46,Female,1.936021149
06-06-2025,Widget D,North,525,48,Male,1.337551792
07-06-2025,Widget B,North,186,42,Female,2.036861335
08-06-2025,Widget A,West,564,55,Male,1.075710562
09-06-2025,Widget B,East,175,31,Male,1.143571005
10-06-2025,Widget B,East,570,25,Male,4.659431224
11-06-2025,Widget C,South,513,44,Female,2.40806633
12-06-2025,Widget D,East,924,19,Male,2.643236004
13-06-2025,Widget C,East,994,34,Female,1.073486618
14-06-2025,Widget C,North,825,54,Female,2.082087121
15-06-2025,Widget C,South,556,31,Female,4.218903935
16-06-2025,Widget C,East,384,42,Male,3.461963839
17-06-2025,Widget C,West,338,47,Female,4.015122404
18-06-2025,Widget B,East,776,46,Male,2.788854963
19-06-2025,Widget C,North,698,37,Female,2.238916887
20-06-2025,Widget C,West,752,38,Male,2.931240373
21-06-2025,Widget D,North,771,39,Female,2.292284274
22-06-2025,Widget A,East,657,52,Male,4.355884387
23-06-2025,Widget B,West,471,54,Male,2.190694862
24-06-2025,Widget B,South,594,33,Male,3.639054562
25-06-2025,Widget B,South,723,67,Female,1.547928889
26-06-2025,Widget C,West,144,66,Female,3.747465975
27-06-2025,Widget C,West,500,60,Male,4.653198846
28-06-2025,Widget C,North,346,34,Female,3.434332619
29-06-2025,Widget D,West,715,33,Female,3.23942152
30-06-2025,Widget A,North,696,19,Female,4.844473072
01-07-2025,Widget C,East,549,21,Female,3.509586221
02-07-2025,Widget A,North,584,38,Female,2.038201733
03-07-2025,Widget D,West,745,56,Female,2.169564095
04-07-2025,Widget B,West,719,51,Female,3.82122657
05-07-2025,Widget C,East,117,47,Male,3.941746376
06-07-2025,Widget A,West,705,23,Male,2.213984927
07-07-2025,Widget A,West,761,34,Female,2.381375912
08-07-2025,Widget C,South,857,56,Male,4.964226035
09-07-2025,Widget B,South,388,42,Male,1.407810198
10-07-2025,Widget B,East,513,22,Male,2.618580114
11-07-2025,Widget B,North,820,22,Female,1.249790125
12-07-2025,Widget D,South,737,37,Female,4.284313448
13-07-2025,Widget A,North,334,33,Female,1.369383356
14-07-2025,Widget A,West,515,68,Female,3.696029426
15-07-2025,Widget A,South,598,58,Female,1.225933696
16-07-2025,Widget D,East,733,54,Male,3.691420151
17-07-2025,Widget A,East,749,57,Female,4.372147788
18-07-2025,Widget D,East,214,26,Male,2.595286108
19-07-2025,Widget B,South,773,22,Female,3.088505974
20-07-2025,Widget C,North,812,59,Male,2.606166952
21-07-2025,Widget A,West,333,19,Female,2.201955035
22-07-2025,Widget A,North,639,26,Female,4.213053603
23-07-2025,Widget B,North,110,60,Female,2.088010295
24-07-2025,Widget C,West,305,53,Female,3.891773698
25-07-2025,Widget D,West,778,39,Female,1.824788317
26-07-2025,Widget C,South,346,39,Female,1.999415184
27-07-2025,Widget B,South,658,39,Male,2.34584465
28-07-2025,Widget B,South,857,51,Female,3.35662551
29-07-2025,Widget C,South,226,46,Male,2.817689277
30-07-2025,Widget D,South,246,55,Female,3.980579239
31-07-2025,Widget D,West,217,63,Male,1.854269201
01-08-2025,Widget A,North,481,50,Male,1.042689151
02-08-2025,Widget D,South,511,35,Male,4.106229887
03-08-2025,Widget C,South,763,24,Male,4.286597336
04-08-2025,Widget B,North,683,18,Male,1.237920652
05-08-2025,Widget A,South,462,50,Male,3.443630089
06-08-2025,Widget A,North,608,18,Female,2.512827135
07-08-2025,Widget B,North,236,41,Male,4.175582621
08-08-2025,Widget D,West,274,21,Female,4.497658217
09-08-2025,Widget B,East,388,21,Female,4.404015067
10-08-2025,Widget D,West,580,35,Male,4.108816989
11-08-2025,Widget B,East,118,44,Male,2.076208915
12-08-2025,Widget C,East,294,60,Female,4.247558574
13-08-2025,Widget D,East,429,49,Male,3.133913904
14-08-2025,Widget C,South,274,50,Male,1.211026459
15-08-2025,Widget A,West,548,45,Male,2.8277554
16-08-2025,Widget B,East,453,59,Male,4.768631668
17-08-2025,Widget A,North,598,58,Male,4.551437399
18-08-2025,Widget A,South,240,53,Male,1.409057124
19-08-2025,Widget A,West,857,23,Male,3.976506743
20-08-2025,Widget A,East,996,33,Female,4.223171464
21-08-2025,Widget B,North,192,51,Male,2.085552753
22-08-2025,Widget A,West,338,40,Female,2.886434283
23-08-2025,Widget B,West,304,67,Female,3.843951766
24-08-2025,Widget B,South,659,59,Female,2.756165955
25-08-2025,Widget C,West,532,41,Female,1.451187675
26-08-2025,Widget D,South,344,66,Male,3.823529779
27-08-2025,Widget D,East,931,30,Female,4.646554759
28-08-2025,Widget B,South,416,35,Female,3.609938914
29-08-2025,Widget C,North,394,30,Female,4.095202994
30-08-2025,Widget B,South,739,66,Female,2.433450143
31-08-2025,Widget B,North,955,54,Female,1.732792981
01-09-2025,Widget B,South,381,60,Male,3.571094646
02-09-2025,Widget C,West,116,56,Male,2.311084823
03-09-2025,Widget D,East,170,59,Female,4.440294076
04-09-2025,Widget C,North,368,34,Male,1.4905122
05-09-2025,Widget A,South,424,32,Male,2.733854799
06-09-2025,Widget C,South,893,35,Female,2.586910402
07-09-2025,Widget C,South,404,40,Female,4.752215414
08-09-2025,Widget C,West,550,68,Female,1.612539202
09-09-2025,Widget C,West,106,47,Male,1.0393873
10-09-2025,Widget D,North,413,51,Female,1.952340851
11-09-2025,Widget A,North,916,21,Male,4.281107439
12-09-2025,Widget D,West,202,20,Male,1.837287264
13-09-2025,Widget D,North,920,24,Male,1.963512255
14-09-2025,Widget C,East,292,35,Female,1.519595218
15-09-2025,Widget B,East,852,59,Male,3.861744813
16-09-2025,Widget B,West,673,24,Female,1.276696762
17-09-2025,Widget D,North,628,57,Female,2.324833209
18-09-2025,Widget D,South,270,23,Female,2.129994906
19-09-2025,Widget C,East,636,39,Female,3.220638919
20-09-2025,Widget D,West,350,18,Female,3.92166506
21-09-2025,Widget C,North,864,21,Male,3.131505739
22-09-2025,Widget B,West,486,63,Male,4.724103972
23-09-2025,Widget B,South,306,66,Male,4.805770556
24-09-2025,Widget A,East,640,69,Male,2.445861314
25-09-2025,Widget B,West,728,67,Male,4.110721505
26-09-2025,Widget D,West,515,60,Female,3.955205533
27-09-2025,Widget B,West,893,46,Female,4.571858367
28-09-2025,Widget C,South,479,38,Male,2.791774561
29-09-2025,Widget B,West,243,43,Male,3.121892749
30-09-2025,Widget A,South,124,31,Male,2.663097254
01-10-2025,Widget B,South,921,26,Female,4.401507677
02-10-2025,Widget C,South,767,64,Female,1.918809261
03-10-2025,Widget C,East,172,29,Female,1.958836313
04-10-2025,Widget D,East,731,59,Male,2.490420414
05-10-2025,Widget B,West,923,68,Male,1.921371328
06-10-2025,Widget C,West,932,68,Male,3.244027346
07-10-2025,Widget A,East,192,23,Male,1.537960426
08-10-2025,Widget D,North,604,37,Female,2.280744878
09-10-2025,Widget A,East,697,41,Male,4.653778794
10-10-2025,Widget B,South,435,44,Male,2.636901921
11-10-2025,Widget B,East,524,55,Male,3.992934866
12-10-2025,Widget B,South,598,25,Female,1.453848767
13-10-2025,Widget D,West,463,18,Female,1.990258033
14-10-2025,Widget C,North,729,66,Male,4.229382485
15-10-2025,Widget D,West,844,66,Female,4.051971745
16-10-2025,Widget A,South,298,41,Female,2.544623674
17-10-2025,Widget D,South,817,64,Female,4.817587608
18-10-2025,Widget A,South,512,24,Female,4.642572063
19-10-2025,Widget D,North,438,36,Female,4.849202996
20-10-2025,Widget C,East,758,39,Male,2.711658761
21-10-2025,Widget A,West,528,52,Male,1.789894335
22-10-2025,Widget B,West,882,47,Male,3.506634556
23-10-2025,Widget B,East,998,46,Female,3.739092633
24-10-2025,Widget D,West,238,39,Female,1.501767138
25-10-2025,Widget B,North,792,28,Female,4.145932137
26-10-2025,Widget A,West,641,37,Female,1.072240879
27-10-2025,Widget B,South,156,46,Male,2.93091355
28-10-2025,Widget C,East,331,68,Male,2.324065038
29-10-2025,Widget C,North,757,58,Male,3.96121224
30-10-2025,Widget D,East,534,59,Male,2.25104291
31-10-2025,Widget A,North,483,51,Male,4.307228451
01-11-2025,Widget C,South,659,18,Male,3.379813955
02-11-2025,Widget C,East,293,48,Female,4.175573447
03-11-2025,Widget A,West,835,47,Female,4.957362551
04-11-2025,Widget B,North,747,65,Male,3.716633383
05-11-2025,Widget B,East,633,35,Female,4.939801265
06-11-2025,Widget D,West,617,34,Male,1.115345308
07-11-2025,Widget B,East,815,55,Male,2.352559954
08-11-2025,Widget A,East,850,31,Female,1.431413058
09-11-2025,Widget C,East,284,40,Male,2.049219726
10-11-2025,Widget B,North,971,42,Male,4.355551597
11-11-2025,Widget D,West,391,32,Male,1.129293061
12-11-2025,Widget B,South,434,63,Female,3.080731743
13-11-2025,Widget A,North,831,39,Female,3.26851483
14-11-2025,Widget D,North,215,20,Female,3.244604587
15-11-2025,Widget B,North,924,36,Female,2.901188295
16-11-2025,Widget D,South,148,61,Male,4.162411859
17-11-2025,Widget A,West,784,51,Female,1.534172358
18-11-2025,Widget C,West,181,52,Female,2.242308062
19-11-2025,Widget A,West,933,67,Female,3.462904214
20-11-2025,Widget A,East,432,18,Male,3.763805465
21-11-2025,Widget A,East,656,69,Female,2.616593727
22-11-2025,Widget A,East,434,38,Female,4.501485053
23-11-2025,Widget C,South,631,46,Male,2.661973587
24-11-2025,Widget C,East,320,23,Male,2.611104537
25-11-2025,Widget D,South,734,54,Male,1.144829046
26-11-2025,Widget B,West,845,18,Male,3.204565345
27-11-2025,Widget C,East,832,68,Female,3.834723354
28-11-2025,Widget C,East,422,18,Male,1.457752654
29-11-2025,Widget B,North,950,44,Female,2.221731064
30-11-2025,Widget C,South,102,38,Female,4.125027815
01-12-2025,Widget A,West,793,33,Female,2.463677742
02-12-2025,Widget A,North,305,61,Female,1.966409848
03-12-2025,Widget B,North,931,57,Female,3.688802654
04-12-2025,Widget D,West,139,43,Male,1.787035111
05-12-2025,Widget D,North,158,33,Female,4.582611678
06-12-2025,Widget B,South,673,45,Female,1.422393584
07-12-2025,Widget B,South,743,18,Female,3.826199209
08-12-2025,Widget A,East,606,53,Male,2.998194805
09-12-2025,Widget D,North,671,27,Female,4.47971825
10-12-2025,Widget C,East,983,60,Female,1.504780364
11-12-2025,Widget A,North,942,34,Male,3.711579674
12-12-2025,Widget B,South,221,40,Female,3.288218557
13-12-2025,Widget D,South,578,24,Female,2.920360569
14-12-2025,Widget C,South,718,61,Male,2.965629054
15-12-2025,Widget C,North,195,24,Female,3.887907847
16-12-2025,Widget A,South,958,61,Female,4.75096662
17-12-2025,Widget D,North,513,32,Female,1.365006636
18-12-2025,Widget D,East,334,51,Female,1.07801059
19-12-2025,Widget B,North,997,63,Female,4.22281917
20-12-2025,Widget D,East,161,62,Male,1.43267755
21-12-2025,Widget D,North,355,21,Male,4.946787184
22-12-2025,Widget A,East,660,31,Male,3.477392996
23-12-2025,Widget D,South,447,31,Female,3.603465581
24-12-2025,Widget C,East,770,33,Female,1.795566812
25-12-2025,Widget A,South,223,24,Female,1.961249241
26-12-2025,Widget A,South,581,49,Male,3.637401212
27-12-2025,Widget B,East,416,36,Female,4.638907352
28-12-2025,Widget D,North,603,19,Female,4.929562218
29-12-2025,Widget B,North,818,27,Female,1.792123787
30-12-2025,Widget C,West,147,67,Male,1.536478491
31-12-2025,Widget A,North,508,34,Male,1.225605431
01-01-2026,Widget A,West,235,54,Female,4.473188073
02-01-2026,Widget A,North,300,29,Female,2.178859387
03-01-2026,Widget C,North,349,23,Female,1.007248135
04-01-2026,Widget C,South,413,39,Male,1.895272344
05-01-2026,Widget B,West,968,49,Male,2.36176432
06-01-2026,Widget B,North,467,58,Male,4.963944678
07-01-2026,Widget B,West,528,37,Female,3.094166375
08-01-2026,Widget D,South,929,18,Male,1.81885579
09-01-2026,Widget A,South,906,64,Female,2.339273379
10-01-2026,Widget A,West,579,23,Female,2.32123075
11-01-2026,Widget B,South,413,36,Male,1.078902986
12-01-2026,Widget A,East,599,35,Female,1.540732217
13-01-2026,Widget B,East,820,23,Male,3.780785839
14-01-2026,Widget D,South,454,62,Female,1.481003946
15-01-2026,Widget D,East,584,50,Female,1.922937106
16-01-2026,Widget C,North,310,40,Male,2.402949194
17-01-2026,Widget D,West,803,40,Female,4.030939778
18-01-2026,Widget B,North,143,43,Female,3.329603859
19-01-2026,Widget D,West,640,30,Female,3.75599994
20-01-2026,Widget C,South,670,24,Female,3.268049302
21-01-2026,Widget A,North,682,32,Female,3.734369701
22-01-2026,Widget B,South,191,61,Female,1.011368615
23-01-2026,Widget A,South,364,44,Female,4.723592577
24-01-2026,Widget C,West,994,43,Female,1.443680923
25-01-2026,Widget C,West,319,50,Male,2.624996384
26-01-2026,Widget C,West,541,32,Male,4.084153481
27-01-2026,Widget A,North,500,53,Female,2.740922872
28-01-2026,Widget A,East,499,62,Female,4.787370207
29-01-2026,Widget A,West,826,44,Male,2.870355794
30-01-2026,Widget A,West,998,22,Female,4.499757622
31-01-2026,Widget C,North,888,19,Male,4.243312453
01-02-2026,Widget C,West,675,50,Male,4.923945211
02-02-2026,Widget B,North,957,33,Male,4.706191123
03-02-2026,Widget B,South,903,40,Female,4.592495339
04-02-2026,Widget A,West,589,55,Female,3.926417362
05-02-2026,Widget D,West,584,33,Female,2.467992589
06-02-2026,Widget D,South,856,31,Male,1.424501674
07-02-2026,Widget C,South,569,46,Male,3.754580209
08-02-2026,Widget C,South,673,43,Male,4.914616325
09-02-2026,Widget C,West,943,52,Female,3.906417749
10-02-2026,Widget B,East,781,32,Male,4.714917477
11-02-2026,Widget B,East,544,20,Male,4.217218852
12-02-2026,Widget C,East,368,40,Female,1.6524587
13-02-2026,Widget C,West,366,46,Male,1.996815082
14-02-2026,Widget C,South,153,51,Male,2.367462407
15-02-2026,Widget D,West,627,50,Female,1.673041777
16-02-2026,Widget B,South,619,58,Female,3.326605331
17-02-2026,Widget D,West,715,58,Male,4.901802097
18-02-2026,Widget D,West,158,40,Female,4.045835334
19-02-2026,Widget C,South,924,24,Male,2.693546996
20-02-2026,Widget C,East,139,20,Female,1.018017924
21-02-2026,Widget A,South,336,49,Male,2.253104045
22-02-2026,Widget A,North,485,48,Female,3.107037151
23-02-2026,Widget D,North,705,35,Male,2.297003495
24-02-2026,Widget B,South,833,60,Female,1.444139692
25-02-2026,Widget C,West,815,24,Female,2.771059827
26-02-2026,Widget C,North,749,58,Female,2.013011268
27-02-2026,Widget D,North,399,18,Female,4.636929506
28-02-2026,Widget A,West,494,31,Female,1.407018114
01-03-2026,Widget B,West,306,69,Female,1.196610515
02-03-2026,Widget A,East,435,49,Female,1.021256677
03-03-2026,Widget A,West,692,23,Male,2.312278738
04-03-2026,Widget A,South,829,56,Male,3.641547353
05-03-2026,Widget A,South,613,27,Female,3.921655012
06-03-2026,Widget C,East,277,24,Female,2.813046734
07-03-2026,Widget C,North,495,43,Male,3.737314602
08-03-2026,Widget A,North,470,51,Male,2.439656145
09-03-2026,Widget B,West,957,47,Female,3.67122488
10-03-2026,Widget D,South,890,53,Male,1.162383941
11-03-2026,Widget B,North,757,38,Male,2.563011938
12-03-2026,Widget B,East,417,34,Female,4.163398711
13-03-2026,Widget B,East,835,50,Female,4.212024122
14-03-2026,Widget A,South,468,27,Female,3.864595116
15-03-2026,Widget C,East,483,68,Male,1.816954482
16-03-2026,Widget B,East,161,64,Female,1.988820476
17-03-2026,Widget A,South,905,59,Female,4.984354909
18-03-2026,Widget B,West,604,68,Male,1.413512029
19-03-2026,Widget B,West,338,29,Female,1.722650796
20-03-2026,Widget A,East,294,33,Male,1.520105023
21-03-2026,Widget C,West,777,58,Male,2.310619855
22-03-2026,Widget C,West,321,49,Male,1.840703341
23-03-2026,Widget D,East,160,32,Male,2.990751838
24-03-2026,Widget A,West,228,44,Male,2.904082828
25-03-2026,Widget D,East,784,45,Male,4.606022478
26-03-2026,Widget D,North,255,34,Female,1.13895979
27-03-2026,Widget D,South,477,63,Female,2.279518307
28-03-2026,Widget C,South,721,67,Female,3.386631568
29-03-2026,Widget A,West,880,19,Male,3.419207047
30-03-2026,Widget D,West,967,53,Female,2.920504916
31-03-2026,Widget A,West,889,67,Male,4.262662163
01-04-2026,Widget A,South,685,24,Female,1.250888686
02-04-2026,Widget C,North,536,30,Male,4.261951062
03-04-2026,Widget D,North,306,32,Female,2.979016962
04-04-2026,Widget D,South,487,42,Male,1.53504278
05-04-2026,Widget A,North,579,40,Female,4.542807654
06-04-2026,Widget B,South,890,39,Male,3.596915118
07-04-2026,Widget C,North,986,43,Female,1.654182747
08-04-2026,Widget C,East,937,50,Male,1.134598894
09-04-2026,Widget C,East,439,28,Female,1.564438593
10-04-2026,Widget C,South,968,27,Female,3.435191841
11-04-2026,Widget D,North,439,42,Female,1.717184941
12-04-2026,Widget D,West,303,54,Male,1.9030523
13-04-2026,Widget B,North,260,65,Male,1.100558903
14-04-2026,Widget C,East,639,60,Male,3.891722689
15-04-2026,Widget C,East,491,55,Male,4.241457599
16-04-2026,Widget A,North,868,58,Male,4.187392707
17-04-2026,Widget D,North,776,62,Female,1.510272605
18-04-2026,Widget C,West,674,41,Male,4.61320451
19-04-2026,Widget B,West,633,57,Female,3.689115318
20-04-2026,Widget B,North,169,63,Female,4.59011449
21-04-2026,Widget D,North,992,50,Male,2.788642018
22-04-2026,Widget B,North,504,34,Female,2.747819444
23-04-2026,Widget B,North,707,41,Male,4.138146075
24-04-2026,Widget D,South,774,54,Male,1.373191422
25-04-2026,Widget C,North,690,19,Male,3.083496147
26-04-2026,Widget C,West,616,49,Female,4.345536943
27-04-2026,Widget B,East,927,41,Male,4.320770252
28-04-2026,Widget B,South,219,26,Male,4.824531425
29-04-2026,Widget C,North,913,21,Male,3.793090374
30-04-2026,Widget D,East,789,34,Female,1.831082518
01-05-2026,Widget B,South,787,34,Male,1.08112126
02-05-2026,Widget A,East,316,67,Female,2.917663195
03-05-2026,Widget D,North,155,65,Female,3.054815462
04-05-2026,Widget B,North,465,47,Male,1.961050338
05-05-2026,Widget B,West,798,57,Female,1.498789788
06-05-2026,Widget A,North,603,28,Female,3.344832665
07-05-2026,Widget A,North,843,38,Male,4.057022696
08-05-2026,Widget C,South,866,38,Male,4.972616414
09-05-2026,Widget D,West,554,35,Male,4.033210469
10-05-2026,Widget D,South,203,46,Female,4.174529657
11-05-2026,Widget C,East,176,41,Male,3.465843513
12-05-2026,Widget D,North,329,27,Female,4.943690636
13-05-2026,Widget D,East,357,62,Female,3.55982554
14-05-2026,Widget D,South,363,34,Female,4.441013146
15-05-2026,Widget D,North,430,35,Female,4.783138585
16-05-2026,Widget D,North,281,59,Female,4.719434002
17-05-2026,Widget A,South,992,65,Male,2.525661375
18-05-2026,Widget D,South,867,37,Male,1.314648233
19-05-2026,Widget A,South,649,54,Female,1.68749481
20-05-2026,Widget D,South,787,62,Female,1.236893222
21-05-2026,Widget C,South,126,35,Male,1.421587739
22-05-2026,Widget B,North,375,34,Male,1.738604984
23-05-2026,Widget A,South,751,26,Female,2.364377266
24-05-2026,Widget D,North,398,31,Female,3.174158586
25-05-2026,Widget C,North,898,66,Male,3.846728237
26-05-2026,Widget B,South,190,46,Male,1.843709344
27-05-2026,Widget A,South,579,48,Female,3.690089617
28-05-2026,Widget B,West,672,21,Male,3.817036298
29-05-2026,Widget C,North,557,35,Male,3.234489347
30-05-2026,Widget A,South,550,37,Female,4.614471479
31-05-2026,Widget B,South,464,64,Female,1.443979256
01-06-2026,Widget D,South,958,60,Female,1.70848583
02-06-2026,Widget A,West,774,61,Male,2.714659298
03-06-2026,Widget B,West,450,26,Female,1.506850941
04-06-2026,Widget C,East,754,30,Male,3.265184575
05-06-2026,Widget C,North,499,32,Female,2.593601866
06-06-2026,Widget A,East,352,44,Female,2.138383178
07-06-2026,Widget B,South,880,32,Male,1.679959252
08-06-2026,Widget A,West,980,45,Male,2.341352953
09-06-2026,Widget A,West,902,54,Female,3.431837403
10-06-2026,Widget B,East,558,36,Female,3.303140844
11-06-2026,Widget B,West,798,43,Male,1.654496001
12-06-2026,Widget D,South,598,69,Female,1.499679243
13-06-2026,Widget B,West,607,43,Male,1.10670705
14-06-2026,Widget C,East,403,42,Male,1.049702375
15-06-2026,Widget A,South,600,43,Female,4.519241743
16-06-2026,Widget A,East,902,43,Male,1.180355424
17-06-2026,Widget C,West,697,63,Male,3.924884439
18-06-2026,Widget B,East,265,45,Male,4.487940385
19-06-2026,Widget C,East,514,66,Female,1.392231394
20-06-2026,Widget C,North,561,35,Male,2.745205695
21-06-2026,Widget D,West,213,49,Female,4.849211933
22-06-2026,Widget C,West,532,20,Female,4.336554642
23-06-2026,Widget A,East,455,19,Female,2.958816127
24-06-2026,Widget C,North,794,50,Male,4.050284451
25-06-2026,Widget A,West,306,59,Male,4.333510498
26-06-2026,Widget A,South,867,36,Female,2.392107853
27-06-2026,Widget A,East,334,34,Female,4.568611667
28-06-2026,Widget B,West,541,61,Male,2.881893279
29-06-2026,Widget D,South,454,50,Female,3.111229454
30-06-2026,Widget A,West,614,29,Female,4.998830551
01-07-2026,Widget A,South,307,66,Male,4.373211865
02-07-2026,Widget B,East,808,20,Female,2.447080023
03-07-2026,Widget A,West,952,60,Male,1.041382386
04-07-2026,Widget C,West,224,66,Male,3.504696295
05-07-2026,Widget C,North,237,43,Female,3.815653705
06-07-2026,Widget D,East,438,52,Male,3.603210761
07-07-2026,Widget A,South,636,25,Male,4.871449405
08-07-2026,Widget B,West,167,69,Male,4.451884109
09-07-2026,Widget C,West,672,53,Female,2.795326773
10-07-2026,Widget B,South,640,24,Female,1.25142995
11-07-2026,Widget B,East,482,63,Female,2.904235078
12-07-2026,Widget C,North,118,63,Male,3.75697608
13-07-2026,Widget B,North,782,53,Male,3.430839233
14-07-2026,Widget C,West,549,33,Female,3.152548271
15-07-2026,Widget B,South,173,41,Female,2.875275832
16-07-2026,Widget C,West,672,18,Male,2.175047492
17-07-2026,Widget A,South,764,66,Female,2.109387047
18-07-2026,Widget D,North,375,42,Female,3.000925916
19-07-2026,Widget C,East,147,27,Female,1.642412586
20-07-2026,Widget C,South,310,33,Female,2.362741694
21-07-2026,Widget D,North,954,33,Female,2.295917099
22-07-2026,Widget C,West,750,25,Male,3.348531206
23-07-2026,Widget C,South,721,46,Female,1.266729201
24-07-2026,Widget B,East,794,56,Female,4.318674721
25-07-2026,Widget D,West,639,45,Male,3.249513522
26-07-2026,Widget A,West,808,23,Male,3.683306723
27-07-2026,Widget C,North,290,33,Male,3.812375615
28-07-2026,Widget D,South,414,37,Male,2.165936547
29-07-2026,Widget B,West,662,33,Female,2.88148627
30-07-2026,Widget A,East,760,24,Female,4.824983823
31-07-2026,Widget D,South,879,58,Female,4.066820952
01-08-2026,Widget A,East,661,31,Female,4.878227501
02-08-2026,Widget A,West,999,60,Male,3.985017381
03-08-2026,Widget A,East,857,43,Male,1.702400559
04-08-2026,Widget C,North,212,43,Female,1.258143535
05-08-2026,Widget C,East,269,31,Female,3.310645747
06-08-2026,Widget B,South,567,24,Female,2.431253119
07-08-2026,Widget B,East,777,50,Female,2.101831641
08-08-2026,Widget D,East,113,43,Male,4.228843986
09-08-2026,Widget B,North,814,62,Female,2.467973068
10-08-2026,Widget A,East,387,37,Male,2.268003879
11-08-2026,Widget A,East,288,20,Male,4.399950373
12-08-2026,Widget C,West,254,69,Male,4.385149346
13-08-2026,Widget A,West,666,21,Male,2.425466551
14-08-2026,Widget D,South,793,43,Female,4.329994804
15-08-2026,Widget A,West,821,28,Female,4.403113961
16-08-2026,Widget A,West,987,19,Female,2.69572214
17-08-2026,Widget D,West,570,31,Female,1.265892521
18-08-2026,Widget B,West,174,61,Male,1.006338578
19-08-2026,Widget B,North,376,47,Male,3.093169852
20-08-2026,Widget D,West,744,66,Male,2.376301973
21-08-2026,Widget C,North,442,29,Female,4.988527577
22-08-2026,Widget A,North,524,43,Male,4.089643999
23-08-2026,Widget D,West,670,61,Male,4.045101825
24-08-2026,Widget A,East,610,50,Male,4.820971073
25-08-2026,Widget C,North,956,30,Male,4.550897592
26-08-2026,Widget A,East,281,31,Female,2.272749918
27-08-2026,Widget D,East,557,41,Male,1.663948886
28-08-2026,Widget A,West,950,51,Male,3.98356906
29-08-2026,Widget B,South,932,61,Female,2.513095575
30-08-2026,Widget C,West,163,43,Female,2.892690607
31-08-2026,Widget C,South,938,38,Female,3.521590925
01-09-2026,Widget C,South,359,45,Male,4.631490708
02-09-2026,Widget D,West,292,65,Male,2.676351015
03-09-2026,Widget C,West,754,53,Male,4.133267561
04-09-2026,Widget B,South,715,57,Male,2.073359165
05-09-2026,Widget D,West,505,19,Female,3.791887164
06-09-2026,Widget B,South,825,59,Male,1.006317684
07-09-2026,Widget A,East,853,26,Male,4.486028854
08-09-2026,Widget A,West,820,40,Female,1.12151832
09-09-2026,Widget A,East,192,32,Female,3.851015019
10-09-2026,Widget A,North,529,30,Female,1.185032757
11-09-2026,Widget B,East,753,40,Male,2.064982798
12-09-2026,Widget D,East,533,34,Male,2.988809614
13-09-2026,Widget D,South,503,65,Male,2.679754741
14-09-2026,Widget C,East,533,19,Male,1.767344458
15-09-2026,Widget B,West,211,37,Male,2.335259647
16-09-2026,Widget A,South,474,37,Female,3.91082548
17-09-2026,Widget B,North,158,63,Female,3.67702837
18-09-2026,Widget C,West,142,20,Male,1.287258335
19-09-2026,Widget C,North,306,29,Male,3.989263302
20-09-2026,Widget B,East,879,57,Male,1.212183525
21-09-2026,Widget B,West,395,19,Male,3.171705556
22-09-2026,Widget B,West,217,53,Male,2.040250992
23-09-2026,Widget D,North,631,31,Female,3.35076051
24-09-2026,Widget A,West,321,33,Female,2.045313584
25-09-2026,Widget B,West,265,36,Female,4.939831879
26-09-2026,Widget B,West,742,51,Male,2.238912735
27-09-2026,Widget B,East,255,61,Male,1.967842543
28-09-2026,Widget C,North,283,63,Female,2.113861164
29-09-2026,Widget C,West,189,23,Female,4.585891429
30-09-2026,Widget D,South,193,30,Male,3.544875315
01-10-2026,Widget A,South,112,53,Female,3.92273639
02-10-2026,Widget D,South,933,39,Female,4.67204204
03-10-2026,Widget A,South,904,35,Male,4.647489939
04-10-2026,Widget C,East,841,29,Female,3.955783386
05-10-2026,Widget C,West,933,69,Female,1.791297715
06-10-2026,Widget C,North,903,47,Female,4.373493283
07-10-2026,Widget D,West,537,68,Male,1.815104137
08-10-2026,Widget B,East,637,57,Female,3.971595256
09-10-2026,Widget B,South,686,24,Female,3.742412266
10-10-2026,Widget C,East,975,49,Female,4.035555401
11-10-2026,Widget B,West,910,65,Male,3.130742723
12-10-2026,Widget B,North,249,36,Male,3.554904729
13-10-2026,Widget D,East,759,23,Female,4.813280322
14-10-2026,Widget A,North,107,37,Male,1.404354377
15-10-2026,Widget C,East,128,44,Female,2.235389099
16-10-2026,Widget C,North,395,60,Male,3.445428052
17-10-2026,Widget D,North,820,54,Male,4.856216521
18-10-2026,Widget D,South,739,65,Female,1.382297791
19-10-2026,Widget B,North,439,24,Female,1.090196886
20-10-2026,Widget C,South,727,22,Female,1.222998394
21-10-2026,Widget A,West,538,28,Male,1.209622746
22-10-2026,Widget D,West,243,32,Female,4.631263431
23-10-2026,Widget A,South,929,20,Male,3.885031632
24-10-2026,Widget A,South,846,22,Male,3.708425465
25-10-2026,Widget C,East,618,40,Female,3.090291281
26-10-2026,Widget C,East,144,54,Male,4.127810468
27-10-2026,Widget D,East,338,26,Female,1.622591971
28-10-2026,Widget C,West,254,32,Male,2.567764759
29-10-2026,Widget C,East,280,20,Female,2.960017003
30-10-2026,Widget C,North,314,46,Male,1.441637991
31-10-2026,Widget A,North,187,23,Male,2.678054837
01-11-2026,Widget D,East,355,34,Female,2.266007117
02-11-2026,Widget B,North,610,43,Male,1.142328583
03-11-2026,Widget A,West,172,38,Female,1.546941611
04-11-2026,Widget C,North,278,25,Male,4.056147293
05-11-2026,Widget A,West,311,38,Male,1.072151638
06-11-2026,Widget C,South,904,28,Male,4.737013196
07-11-2026,Widget C,South,333,55,Female,1.34569853
08-11-2026,Widget A,South,564,25,Female,4.196952377
09-11-2026,Widget D,South,850,59,Female,4.594466164
10-11-2026,Widget C,North,322,41,Female,4.764542339
11-11-2026,Widget D,East,730,52,Female,4.469908094
12-11-2026,Widget B,North,924,31,Male,2.150200158
13-11-2026,Widget C,West,363,31,Male,2.332348525
14-11-2026,Widget D,North,306,27,Female,2.706182794
15-11-2026,Widget D,North,706,29,Male,1.557186758
16-11-2026,Widget B,West,984,55,Male,1.08908982
17-11-2026,Widget D,South,833,61,Male,4.476486457
18-11-2026,Widget D,South,465,63,Male,3.216514865
19-11-2026,Widget B,South,375,51,Female,3.434891769
20-11-2026,Widget C,East,479,58,Male,4.707953899
21-11-2026,Widget D,West,842,27,Female,3.660480712
22-11-2026,Widget D,West,408,34,Female,3.763414017
23-11-2026,Widget D,North,730,34,Male,4.147874594
24-11-2026,Widget A,East,367,20,Female,1.465393799
25-11-2026,Widget B,South,884,48,Male,2.440648613
26-11-2026,Widget A,East,163,68,Male,4.872831711
27-11-2026,Widget B,West,909,18,Male,4.691720312
28-11-2026,Widget C,West,449,29,Female,4.536301185
29-11-2026,Widget C,North,593,56,Female,2.808354041
30-11-2026,Widget D,North,622,21,Female,4.428771814
01-12-2026,Widget B,West,197,59,Male,1.193583528
02-12-2026,Widget C,South,170,30,Male,1.594069697
03-12-2026,Widget B,South,463,51,Male,2.655870794
04-12-2026,Widget C,East,669,59,Female,2.933568267
05-12-2026,Widget A,West,901,38,Male,2.054028614
06-12-2026,Widget C,West,862,39,Male,2.425906683
07-12-2026,Widget A,South,375,21,Female,1.651104404
08-12-2026,Widget C,South,149,35,Female,2.956536127
09-12-2026,Widget D,West,457,22,Female,4.175373171
10-12-2026,Widget A,North,827,36,Male,3.645441575
11-12-2026,Widget C,West,663,19,Male,1.431168989
12-12-2026,Widget D,West,882,29,Male,2.950326414
13-12-2026,Widget A,South,584,34,Female,3.790585531
14-12-2026,Widget D,South,183,27,Female,3.119581186
15-12-2026,Widget B,North,998,51,Female,2.566702386
16-12-2026,Widget B,North,904,23,Female,3.487657685
17-12-2026,Widget A,East,737,25,Male,4.874554661
18-12-2026,Widget C,West,907,68,Male,1.379631639
19-12-2026,Widget A,South,683,28,Male,2.560064243
20-12-2026,Widget D,North,395,29,Male,2.626423412
21-12-2026,Widget C,East,335,26,Male,3.307869242
22-12-2026,Widget B,East,155,19,Male,1.608698408
23-12-2026,Widget C,South,459,25,Male,1.706572119
24-12-2026,Widget B,South,209,28,Male,2.141445544
25-12-2026,Widget C,East,291,53,Female,4.823480173
26-12-2026,Widget C,North,192,27,Female,3.936434325
27-12-2026,Widget C,East,961,38,Male,3.646773207
28-12-2026,Widget D,West,667,37,Female,4.26783075
29-12-2026,Widget D,West,159,65,Male,1.510305876
30-12-2026,Widget A,South,749,25,Male,4.437331279
31-12-2026,Widget A,North,138,53,Female,3.379330856
01-01-2027,Widget B,North,639,46,Male,2.34131603
02-01-2027,Widget D,West,148,59,Male,4.263421023
03-01-2027,Widget B,East,519,29,Male,4.210258137
04-01-2027,Widget A,South,736,31,Male,4.382834327
05-01-2027,Widget B,East,112,65,Male,1.4620716
06-01-2027,Widget A,East,135,67,Male,4.87744498
07-01-2027,Widget D,East,200,38,Male,4.838504615
08-01-2027,Widget C,North,893,39,Female,2.429878582
09-01-2027,Widget D,West,185,38,Female,1.263576073
10-01-2027,Widget B,North,615,61,Male,1.668222678
11-01-2027,Widget B,West,322,67,Female,4.971323302
12-01-2027,Widget D,South,437,47,Male,3.252051773
13-01-2027,Widget D,South,265,56,Male,2.426487195
14-01-2027,Widget A,East,482,37,Male,2.152810775
15-01-2027,Widget B,West,955,41,Male,2.027966941
16-01-2027,Widget B,West,994,40,Female,3.65661106
17-01-2027,Widget D,West,475,24,Female,2.677551326
18-01-2027,Widget C,East,570,26,Female,4.861642797
19-01-2027,Widget B,East,889,18,Female,3.735372123
20-01-2027,Widget C,South,741,43,Male,4.168178364
21-01-2027,Widget D,North,130,55,Female,2.170966194
22-01-2027,Widget D,West,474,55,Male,1.316745636
23-01-2027,Widget A,West,110,61,Male,2.95129135
24-01-2027,Widget B,North,401,39,Female,2.258326186
25-01-2027,Widget C,West,195,61,Male,1.80833266
26-01-2027,Widget A,East,289,27,Female,4.810568523
27-01-2027,Widget B,East,552,23,Female,2.775952857
28-01-2027,Widget A,West,291,34,Female,1.698834368
29-01-2027,Widget D,East,585,68,Female,1.794602611
30-01-2027,Widget B,East,365,67,Female,2.12283897
31-01-2027,Widget A,West,523,55,Male,4.997265073
01-02-2027,Widget A,South,227,41,Female,2.072046002
02-02-2027,Widget C,North,337,68,Female,2.315207218
03-02-2027,Widget A,East,454,27,Male,3.637312512
04-02-2027,Widget B,South,211,25,Female,2.175845506
05-02-2027,Widget B,East,927,38,Female,1.863217004
06-02-2027,Widget C,East,545,23,Male,1.634548747
07-02-2027,Widget B,North,442,38,Male,2.25073066
08-02-2027,Widget D,East,244,56,Female,1.423662759
09-02-2027,Widget B,North,164,41,Male,1.074586346
10-02-2027,Widget B,North,346,50,Female,4.218566789
11-02-2027,Widget A,North,834,35,Male,1.55157977
12-02-2027,Widget A,South,589,45,Female,4.103907399
13-02-2027,Widget B,West,924,69,Female,4.190169916
14-02-2027,Widget C,South,538,49,Female,3.151678105
15-02-2027,Widget A,West,205,29,Male,2.238727833
16-02-2027,Widget C,West,280,65,Female,1.580130935
17-02-2027,Widget B,North,283,59,Male,3.947220427
18-02-2027,Widget B,East,325,44,Female,3.405547944
19-02-2027,Widget D,North,876,27,Female,3.621813826
20-02-2027,Widget A,East,889,63,Female,1.034676359
21-02-2027,Widget B,West,188,69,Female,4.710068063
22-02-2027,Widget D,North,787,59,Female,1.26516075
23-02-2027,Widget A,East,629,49,Male,2.467223541
24-02-2027,Widget B,South,470,59,Male,2.610846599
25-02-2027,Widget B,East,498,43,Male,1.005422098
26-02-2027,Widget A,North,205,42,Female,2.988357237
27-02-2027,Widget A,South,370,28,Female,4.011235978
28-02-2027,Widget A,East,930,40,Male,4.293074612
01-03-2027,Widget B,East,602,51,Female,4.517587973
02-03-2027,Widget B,East,778,69,Female,2.950875473
03-03-2027,Widget D,East,624,57,Female,3.522544762
04-03-2027,Widget C,East,948,40,Male,1.318078853
05-03-2027,Widget A,South,131,46,Male,2.952152897
06-03-2027,Widget B,West,492,48,Male,1.619263019
07-03-2027,Widget B,South,139,24,Male,2.47857247
08-03-2027,Widget A,South,759,57,Male,2.317221251
09-03-2027,Widget C,South,317,50,Female,2.694162309
10-03-2027,Widget A,West,830,38,Female,3.286546472
11-03-2027,Widget C,North,181,19,Female,4.611506588
12-03-2027,Widget B,West,944,35,Female,2.577938525
13-03-2027,Widget C,South,819,64,Male,4.924524783
14-03-2027,Widget D,East,300,50,Male,4.036112192
15-03-2027,Widget B,East,546,54,Female,3.045924187
16-03-2027,Widget D,South,943,51,Male,3.576105748
17-03-2027,Widget A,East,527,37,Female,1.408896685
18-03-2027,Widget A,South,137,52,Female,4.378086125
19-03-2027,Widget A,East,310,68,Female,3.32942982
20-03-2027,Widget C,West,543,67,Female,4.944269921
21-03-2027,Widget B,North,426,35,Male,3.545714975
22-03-2027,Widget A,North,860,63,Female,4.336446333
23-03-2027,Widget A,West,326,41,Male,4.199050971
24-03-2027,Widget B,West,147,25,Female,2.381844606
25-03-2027,Widget A,South,117,47,Female,2.038442501
26-03-2027,Widget D,South,538,61,Female,2.721974334
27-03-2027,Widget B,South,906,27,Female,2.868965378
28-03-2027,Widget B,East,807,40,Male,1.960338808
29-03-2027,Widget B,South,286,69,Female,4.578391493
30-03-2027,Widget D,West,444,66,Male,3.170191449
31-03-2027,Widget B,North,323,28,Female,4.913777569
01-04-2027,Widget D,East,929,19,Female,4.240071112
02-04-2027,Widget B,South,587,43,Female,3.222819442
03-04-2027,Widget C,East,976,53,Male,4.788161113
04-04-2027,Widget A,East,948,50,Female,3.01949926
05-04-2027,Widget C,South,328,64,Female,4.54842605
06-04-2027,Widget A,East,489,30,Female,2.432579125
07-04-2027,Widget D,North,688,57,Female,2.514569534
08-04-2027,Widget C,West,287,42,Female,2.672522732
09-04-2027,Widget B,West,957,21,Male,3.186502584
10-04-2027,Widget A,North,369,59,Male,3.213961081
11-04-2027,Widget A,East,706,36,Female,2.985595687
12-04-2027,Widget C,South,409,35,Female,2.224003894
13-04-2027,Widget D,East,231,54,Male,4.708825859
14-04-2027,Widget C,North,650,47,Female,3.354344389
15-04-2027,Widget D,East,171,36,Male,2.630956865
16-04-2027,Widget D,West,892,40,Female,3.604707843
17-04-2027,Widget A,East,944,33,Female,4.071867031
18-04-2027,Widget C,North,771,18,Male,4.842912353
19-04-2027,Widget C,West,286,29,Female,2.998196649
20-04-2027,Widget D,East,585,41,Male,1.448394041
21-04-2027,Widget C,East,290,51,Male,2.763063206
22-04-2027,Widget B,West,521,25,Male,2.915882246
23-04-2027,Widget B,South,219,35,Female,4.587976313
24-04-2027,Widget C,West,319,65,Male,2.579203074
25-04-2027,Widget C,South,152,22,Male,4.81329706
26-04-2027,Widget D,North,833,43,Female,2.940527631
27-04-2027,Widget B,North,550,47,Female,4.895122004
28-04-2027,Widget B,West,511,30,Female,1.032793285
29-04-2027,Widget A,West,742,36,Female,4.595261499
30-04-2027,Widget D,North,336,46,Female,4.724481808
01-05-2027,Widget A,South,857,20,Female,4.844083743
02-05-2027,Widget B,North,837,43,Male,1.052306137
03-05-2027,Widget D,West,819,57,Female,1.686803346
04-05-2027,Widget C,North,505,29,Male,3.615058012
05-05-2027,Widget D,West,707,19,Female,1.101890767
06-05-2027,Widget C,West,521,28,Male,1.254435985
07-05-2027,Widget C,North,811,61,Male,1.884315495
08-05-2027,Widget D,South,346,45,Female,3.049759075
09-05-2027,Widget C,East,171,35,Female,3.183610237
10-05-2027,Widget A,North,929,30,Male,1.137044491
11-05-2027,Widget B,East,284,54,Female,1.681469003
12-05-2027,Widget C,North,105,39,Female,2.998822693
13-05-2027,Widget A,East,305,29,Male,3.375762484
14-05-2027,Widget C,South,643,19,Male,1.593606786
15-05-2027,Widget B,South,710,54,Male,2.595365648
16-05-2027,Widget A,North,486,24,Female,4.617605746
17-05-2027,Widget B,West,867,43,Female,4.995597148
18-05-2027,Widget B,East,798,43,Female,4.948857819
19-05-2027,Widget A,West,175,41,Female,4.526698041
20-05-2027,Widget A,West,276,29,Male,2.578640352
21-05-2027,Widget A,West,926,33,Female,3.746297168
22-05-2027,Widget D,South,898,40,Male,2.666368911
23-05-2027,Widget A,North,448,57,Female,3.594108107
24-05-2027,Widget A,North,354,26,Female,2.237729884
25-05-2027,Widget A,South,936,49,Male,3.424809014
26-05-2027,Widget A,South,801,32,Female,3.095033986
27-05-2027,Widget C,North,407,54,Female,1.097921063
28-05-2027,Widget D,West,444,30,Male,4.162811615
29-05-2027,Widget B,East,226,22,Female,1.047591329
30-05-2027,Widget A,East,386,28,Male,2.172623769
31-05-2027,Widget C,East,865,27,Male,1.023696262
01-06-2027,Widget C,West,824,69,Male,2.504805653
02-06-2027,Widget C,North,861,30,Male,1.252642113
03-06-2027,Widget B,South,695,58,Female,4.654043867
04-06-2027,Widget A,North,586,63,Female,2.662717181
05-06-2027,Widget D,West,482,67,Female,2.837983099
06-06-2027,Widget D,South,505,32,Male,2.399400944
07-06-2027,Widget C,West,487,59,Female,3.510024617
08-06-2027,Widget B,East,624,24,Female,4.137632466
09-06-2027,Widget B,East,656,57,Female,3.592586972
10-06-2027,Widget B,West,738,45,Female,3.992828474
11-06-2027,Widget D,South,725,49,Male,4.623894654
12-06-2027,Widget C,South,375,52,Male,4.454186127
13-06-2027,Widget A,North,599,32,Female,3.696233811
14-06-2027,Widget D,East,816,65,Male,1.858551852
15-06-2027,Widget C,North,436,53,Female,3.550811404
16-06-2027,Widget C,North,580,38,Female,3.024332383
17-06-2027,Widget A,West,996,23,Female,3.868876924
18-06-2027,Widget A,West,372,18,Male,4.331726594
19-06-2027,Widget A,North,157,21,Female,3.970885989
20-06-2027,Widget B,East,427,28,Male,4.38624468
21-06-2027,Widget A,West,830,61,Male,1.255465493
22-06-2027,Widget C,North,208,43,Female,1.126480153
23-06-2027,Widget A,North,378,54,Male,2.034002271
24-06-2027,Widget C,North,785,40,Male,4.602664336
25-06-2027,Widget D,North,427,46,Female,4.294637004
26-06-2027,Widget B,North,875,38,Male,3.730909191
27-06-2027,Widget D,North,414,65,Male,3.80303467
28-06-2027,Widget D,West,573,62,Female,3.906681877
29-06-2027,Widget C,East,210,62,Female,4.770410802
30-06-2027,Widget D,North,798,66,Male,4.328764609
01-07-2027,Widget C,South,880,44,Female,3.493561548
02-07-2027,Widget A,West,328,56,Female,3.662861741
03-07-2027,Widget A,West,596,57,Male,1.854961048
04-07-2027,Widget C,North,255,30,Male,3.629275301
05-07-2027,Widget A,West,572,40,Female,2.69871605
06-07-2027,Widget B,North,800,33,Male,1.611847482
07-07-2027,Widget D,East,371,47,Female,4.225611277
08-07-2027,Widget B,East,986,21,Female,3.040988399
09-07-2027,Widget D,West,101,57,Male,4.909700167
10-07-2027,Widget A,West,857,33,Male,2.126717418
11-07-2027,Widget B,South,821,48,Female,2.922680449
12-07-2027,Widget A,West,610,59,Female,2.791981819
13-07-2027,Widget D,South,385,42,Female,1.48311809
14-07-2027,Widget C,East,970,61,Female,2.704461115
15-07-2027,Widget C,East,112,29,Male,2.150213826
16-07-2027,Widget B,North,707,43,Female,1.641281885
17-07-2027,Widget A,East,597,54,Male,2.128622336
18-07-2027,Widget A,South,832,65,Male,1.933006765
19-07-2027,Widget B,West,337,50,Female,3.936294124
20-07-2027,Widget C,North,193,45,Male,1.123100713
21-07-2027,Widget D,South,437,26,Male,3.469850992
22-07-2027,Widget B,West,880,29,Female,4.042645368
23-07-2027,Widget D,North,270,22,Male,2.922893826
24-07-2027,Widget C,East,705,69,Male,4.72625992
25-07-2027,Widget A,South,760,45,Female,3.831522781
26-07-2027,Widget C,West,723,52,Female,3.991694605
27-07-2027,Widget B,North,666,22,Female,1.78773395
28-07-2027,Widget A,North,948,51,Female,4.109182303
29-07-2027,Widget B,East,566,63,Female,4.328378944
30-07-2027,Widget B,West,727,51,Female,2.445065554
31-07-2027,Widget C,East,242,30,Female,1.853452272
01-08-2027,Widget B,East,300,56,Male,2.540202717
02-08-2027,Widget C,West,279,59,Male,3.958431876
03-08-2027,Widget A,West,813,62,Female,2.670556023
04-08-2027,Widget C,West,463,65,Male,3.946607501
05-08-2027,Widget A,South,578,31,Male,1.454258164
06-08-2027,Widget C,West,664,28,Female,4.224046842
07-08-2027,Widget D,North,570,59,Male,2.012829927
08-08-2027,Widget D,East,483,55,Female,1.995715951
09-08-2027,Widget B,South,791,21,Male,3.361523861
10-08-2027,Widget C,West,516,50,Female,1.280472183
11-08-2027,Widget C,South,924,24,Male,1.105190907
12-08-2027,Widget A,West,407,58,Male,2.044114661
13-08-2027,Widget B,South,748,25,Male,3.152270203
14-08-2027,Widget C,East,793,54,Female,4.630465545
15-08-2027,Widget B,East,466,68,Male,4.385740705
16-08-2027,Widget D,North,100,27,Male,2.96178584
17-08-2027,Widget C,North,143,60,Female,1.148207975
18-08-2027,Widget C,West,838,32,Female,3.141010939
19-08-2027,Widget B,East,942,55,Male,3.8191824
20-08-2027,Widget C,South,197,32,Male,2.35665813
21-08-2027,Widget B,South,819,22,Male,1.444253213
22-08-2027,Widget C,South,364,46,Male,2.114271813
23-08-2027,Widget A,North,899,36,Female,4.086355458
24-08-2027,Widget B,South,882,68,Male,2.404975329
25-08-2027,Widget C,North,239,27,Male,4.247925963
26-08-2027,Widget D,North,580,29,Female,2.278085807
27-08-2027,Widget C,West,336,21,Male,1.654220154
28-08-2027,Widget D,South,171,48,Male,2.743393438
29-08-2027,Widget D,South,766,35,Male,2.809098049
30-08-2027,Widget A,East,289,33,Female,1.064432874
31-08-2027,Widget B,West,367,57,Female,1.468180291
01-09-2027,Widget C,East,420,53,Male,1.739704075
02-09-2027,Widget A,West,206,42,Male,1.45434927
03-09-2027,Widget C,South,331,40,Female,2.366104302
04-09-2027,Widget D,North,141,29,Male,4.858491422
05-09-2027,Widget B,North,801,51,Male,3.036890153
06-09-2027,Widget C,North,982,53,Female,3.510224095
07-09-2027,Widget C,North,238,54,Female,2.425545914
08-09-2027,Widget D,North,714,20,Female,2.293951047
09-09-2027,Widget C,East,782,26,Male,1.092587088
10-09-2027,Widget C,West,962,35,Male,3.001334623
11-09-2027,Widget D,South,372,60,Male,2.934436027
12-09-2027,Widget A,East,580,52,Male,1.631322905
13-09-2027,Widget D,West,515,51,Female,4.057296001
14-09-2027,Widget A,North,605,58,Male,2.970697321
15-09-2027,Widget B,West,832,31,Male,2.355975881
16-09-2027,Widget A,West,824,21,Female,1.587635636
17-09-2027,Widget A,North,952,46,Female,3.208643308
18-09-2027,Widget B,North,523,58,Male,4.011268104
19-09-2027,Widget A,North,506,62,Female,2.127997411
20-09-2027,Widget D,South,667,67,Female,1.875177406
21-09-2027,Widget A,North,489,32,Male,3.087739856
22-09-2027,Widget B,South,441,45,Male,1.62137321
23-09-2027,Widget D,North,713,59,Male,3.666453546
24-09-2027,Widget B,South,592,33,Male,3.421374512
25-09-2027,Widget B,West,291,29,Female,1.348328198
26-09-2027,Widget C,East,598,69,Female,1.146081518
27-09-2027,Widget C,West,921,22,Male,3.48115461
28-09-2027,Widget B,West,811,51,Male,2.177175096
29-09-2027,Widget B,North,332,59,Female,1.345783013
30-09-2027,Widget B,South,326,18,Male,4.03771482
01-10-2027,Widget C,East,470,56,Male,2.256176012
02-10-2027,Widget C,North,238,49,Male,2.838398199
03-10-2027,Widget A,North,955,43,Male,1.94725171
04-10-2027,Widget A,North,916,34,Female,3.509268313
05-10-2027,Widget B,West,248,65,Male,2.205953661
06-10-2027,Widget D,South,214,44,Female,4.872083845
07-10-2027,Widget D,South,549,41,Male,3.811790194
08-10-2027,Widget C,East,162,52,Male,1.546889105
09-10-2027,Widget C,South,203,63,Female,2.666779359
10-10-2027,Widget C,South,950,59,Male,2.541684399
11-10-2027,Widget B,North,970,56,Female,3.136988443
12-10-2027,Widget D,North,767,43,Male,4.367722698
13-10-2027,Widget A,West,372,66,Male,3.333688061
14-10-2027,Widget B,North,105,55,Male,1.24622671
15-10-2027,Widget A,North,246,40,Male,3.621662787
16-10-2027,Widget A,North,283,39,Male,1.033061192
17-10-2027,Widget B,North,127,21,Female,4.119841842
18-10-2027,Widget A,West,649,66,Female,3.66654429
19-10-2027,Widget D,North,218,26,Male,2.235142633
20-10-2027,Widget A,East,392,21,Male,2.169767218
21-10-2027,Widget D,East,470,24,Female,4.193091986
22-10-2027,Widget D,East,343,40,Female,4.133346768
23-10-2027,Widget D,East,679,19,Male,2.409209418
24-10-2027,Widget C,North,825,66,Male,2.195790912
25-10-2027,Widget A,East,317,41,Female,3.239299156
26-10-2027,Widget B,North,276,57,Male,1.03346264
27-10-2027,Widget B,West,398,48,Female,1.330668152
28-10-2027,Widget A,East,775,64,Male,1.504678361
29-10-2027,Widget C,South,157,48,Female,1.741647271
30-10-2027,Widget C,East,368,64,Female,3.048072507
31-10-2027,Widget D,East,407,57,Male,4.968967659
01-11-2027,Widget A,North,669,65,Female,3.610453607
02-11-2027,Widget A,East,387,68,Male,1.245195178
03-11-2027,Widget B,South,204,60,Male,3.102317496
04-11-2027,Widget A,North,327,51,Male,2.98658085
05-11-2027,Widget C,North,346,41,Male,1.576671263
06-11-2027,Widget A,West,799,66,Female,4.681089475
07-11-2027,Widget B,West,593,43,Male,2.763060991
08-11-2027,Widget D,East,182,33,Male,4.978236562
09-11-2027,Widget B,West,285,64,Male,2.680289181
10-11-2027,Widget B,West,351,30,Male,3.431830811
11-11-2027,Widget D,West,454,32,Female,1.419050146
12-11-2027,Widget B,North,849,44,Male,2.816911295
13-11-2027,Widget B,North,971,21,Female,1.955063576
14-11-2027,Widget A,North,795,33,Female,4.342259194
15-11-2027,Widget A,West,895,47,Female,4.135678339
16-11-2027,Widget D,North,996,61,Male,4.296719999
17-11-2027,Widget A,West,309,47,Male,3.894437751
18-11-2027,Widget A,North,915,53,Male,4.330732894
19-11-2027,Widget B,North,907,20,Male,1.803315001
20-11-2027,Widget C,South,708,39,Female,2.808175106
21-11-2027,Widget A,East,546,66,Female,3.76738752
22-11-2027,Widget C,West,559,39,Male,3.549569992
23-11-2027,Widget A,South,571,67,Male,3.865417931
24-11-2027,Widget A,North,819,67,Male,1.897033533
25-11-2027,Widget D,West,469,66,Male,1.393738836
26-11-2027,Widget D,North,999,29,Male,4.667226312
27-11-2027,Widget D,East,591,38,Male,3.240687582
28-11-2027,Widget C,South,236,21,Male,1.615303698
29-11-2027,Widget B,East,466,48,Female,4.173746328
30-11-2027,Widget A,South,283,61,Female,4.659719747
01-12-2027,Widget A,North,687,48,Female,1.678254074
02-12-2027,Widget A,East,386,40,Female,4.269649821
03-12-2027,Widget C,East,571,37,Male,4.732900245
04-12-2027,Widget D,North,474,32,Male,4.753446401
05-12-2027,Widget B,East,753,40,Male,4.656625847
06-12-2027,Widget C,West,848,45,Male,3.185684049
07-12-2027,Widget D,South,636,33,Male,2.424845269
08-12-2027,Widget C,South,610,54,Female,1.029091231
09-12-2027,Widget B,South,901,38,Male,1.243648907
10-12-2027,Widget D,West,678,32,Female,2.715356061
11-12-2027,Widget C,South,349,34,Male,2.597304586
12-12-2027,Widget B,North,609,67,Female,1.738855638
13-12-2027,Widget A,East,729,54,Male,2.581920112
14-12-2027,Widget B,West,172,30,Female,1.698600262
15-12-2027,Widget A,South,381,36,Male,4.395165011
16-12-2027,Widget C,North,459,47,Male,2.192779512
17-12-2027,Widget D,East,109,62,Male,3.394257401
18-12-2027,Widget D,East,310,35,Male,3.011372248
19-12-2027,Widget C,West,934,31,Female,1.20752831
20-12-2027,Widget D,West,251,53,Male,4.768934878
21-12-2027,Widget D,West,104,53,Female,3.108903913
22-12-2027,Widget A,North,294,37,Male,2.300230574
23-12-2027,Widget C,North,382,69,Female,1.632506279
24-12-2027,Widget B,West,563,36,Male,2.354106539
25-12-2027,Widget A,South,212,62,Male,1.082046412
26-12-2027,Widget C,East,370,61,Female,2.454232621
27-12-2027,Widget A,East,262,24,Male,3.125943709
28-12-2027,Widget B,North,559,61,Male,4.487464983
29-12-2027,Widget B,East,204,21,Female,3.749497671
30-12-2027,Widget C,South,792,51,Male,1.446329253
31-12-2027,Widget B,East,655,19,Female,1.590985298
01-01-2028,Widget A,North,381,22,Male,2.712493471
02-01-2028,Widget B,North,786,27,Female,1.782831007
03-01-2028,Widget A,South,261,49,Female,1.11139911
04-01-2028,Widget A,South,450,59,Female,4.22005952
05-01-2028,Widget B,East,533,58,Female,1.078090283
06-01-2028,Widget C,East,951,30,Male,4.322758421
07-01-2028,Widget D,North,239,56,Male,1.576415852
08-01-2028,Widget B,South,570,22,Female,4.898713643
09-01-2028,Widget A,South,231,27,Male,3.415495647
10-01-2028,Widget A,South,186,27,Male,3.939931887
11-01-2028,Widget B,East,787,55,Male,1.441934512
12-01-2028,Widget C,South,282,44,Female,4.448416294
13-01-2028,Widget C,North,467,68,Male,4.356769371
14-01-2028,Widget A,North,228,38,Male,3.611970926
15-01-2028,Widget A,East,345,25,Female,3.009099458
16-01-2028,Widget C,West,700,18,Male,3.885956693
17-01-2028,Widget D,East,677,45,Female,1.023712861
18-01-2028,Widget B,West,769,66,Female,3.369763022
19-01-2028,Widget A,South,998,56,Female,4.38962454
20-01-2028,Widget A,East,477,31,Male,2.427599549
21-01-2028,Widget C,North,248,38,Male,1.433157426
22-01-2028,Widget B,South,951,47,Female,2.683508999
23-01-2028,Widget C,North,532,38,Female,3.908417796
24-01-2028,Widget B,South,727,66,Female,1.429204841
25-01-2028,Widget B,East,825,26,Female,1.824194241
26-01-2028,Widget B,West,568,34,Female,1.590207387
27-01-2028,Widget A,South,545,22,Female,4.187791022
28-01-2028,Widget D,West,580,48,Male,1.25157049
29-01-2028,Widget C,South,983,69,Female,3.746346008
30-01-2028,Widget D,North,393,57,Female,2.465827683
31-01-2028,Widget C,North,864,55,Female,4.023164972
01-02-2028,Widget B,South,242,60,Male,4.857533675
02-02-2028,Widget A,West,349,36,Male,1.458181198
03-02-2028,Widget D,East,977,53,Male,2.257540164
04-02-2028,Widget A,East,401,67,Male,4.240501711
05-02-2028,Widget C,North,124,50,Female,2.064633544
06-02-2028,Widget A,East,888,30,Male,1.860482388
07-02-2028,Widget A,North,988,31,Female,4.301511911
08-02-2028,Widget D,East,989,50,Female,4.948329456
09-02-2028,Widget B,South,169,46,Female,3.227522361
10-02-2028,Widget A,North,724,60,Female,2.112194993
11-02-2028,Widget B,North,974,66,Female,2.594263846
12-02-2028,Widget C,South,211,53,Female,1.68052131
13-02-2028,Widget A,North,463,61,Male,4.047549116
14-02-2028,Widget D,East,402,27,Male,4.093896071
15-02-2028,Widget C,East,570,48,Male,4.50048397
16-02-2028,Widget C,North,190,23,Male,1.106410254
17-02-2028,Widget D,East,629,18,Male,3.247925367
18-02-2028,Widget A,West,760,24,Female,1.857021737
19-02-2028,Widget A,North,838,44,Male,2.363532062
20-02-2028,Widget C,South,825,38,Male,4.139822461
21-02-2028,Widget A,West,971,45,Male,1.768134609
22-02-2028,Widget B,North,762,33,Female,3.553367002
23-02-2028,Widget D,South,291,63,Female,3.618264765
24-02-2028,Widget B,East,651,40,Female,4.81637566
25-02-2028,Widget A,South,341,69,Male,4.100643714
26-02-2028,Widget C,West,237,37,Male,4.214540589
27-02-2028,Widget D,East,444,55,Male,3.126402996
28-02-2028,Widget A,North,279,42,Male,1.747123229
29-02-2028,Widget A,East,811,45,Male,2.702253463
01-03-2028,Widget C,North,602,22,Female,3.197958294
02-03-2028,Widget C,North,302,38,Male,3.713677007
03-03-2028,Widget B,South,672,35,Female,3.430836447
04-03-2028,Widget D,South,291,64,Male,2.575911316
05-03-2028,Widget D,South,104,23,Female,2.061252428
06-03-2028,Widget C,West,989,46,Female,1.672923373
07-03-2028,Widget B,West,336,36,Female,3.775381545
08-03-2028,Widget D,South,792,50,Female,3.581594697
09-03-2028,Widget C,West,410,18,Male,3.749489863
10-03-2028,Widget A,East,648,62,Male,2.490109811
11-03-2028,Widget D,East,155,20,Male,2.04963129
12-03-2028,Widget B,West,542,59,Female,4.038885315
13-03-2028,Widget B,West,336,38,Male,4.09458958
14-03-2028,Widget B,East,969,52,Male,2.822465496
15-03-2028,Widget A,North,960,58,Male,3.447616339
16-03-2028,Widget D,East,296,57,Male,2.494078657
17-03-2028,Widget D,East,684,20,Female,3.8077888
18-03-2028,Widget A,West,670,42,Female,4.342886387
19-03-2028,Widget D,East,851,62,Male,3.752933109
20-03-2028,Widget A,West,613,55,Male,3.050330507
21-03-2028,Widget A,West,548,62,Male,2.834631838
22-03-2028,Widget A,South,459,37,Female,3.569278604
23-03-2028,Widget B,East,799,69,Female,3.719243566
24-03-2028,Widget D,North,918,61,Female,3.234917774
25-03-2028,Widget A,South,129,62,Male,3.4997691
26-03-2028,Widget D,West,878,51,Female,1.38635473
27-03-2028,Widget B,West,207,38,Female,4.807062065
28-03-2028,Widget A,North,943,65,Female,4.163092255
29-03-2028,Widget C,West,701,40,Female,2.495711479
30-03-2028,Widget B,East,816,23,Female,3.251250444
31-03-2028,Widget C,South,990,68,Male,1.189298121
01-04-2028,Widget D,West,544,30,Male,1.164911256
02-04-2028,Widget D,West,992,66,Male,2.00319334
03-04-2028,Widget B,North,537,40,Male,3.758806569
04-04-2028,Widget D,East,831,26,Female,4.408590991
05-04-2028,Widget C,West,989,34,Male,3.23674352
06-04-2028,Widget A,North,705,19,Male,3.128530958
07-04-2028,Widget A,West,556,36,Male,2.609238135
08-04-2028,Widget A,North,714,36,Female,1.646391824
09-04-2028,Widget B,North,834,24,Male,1.473416405
10-04-2028,Widget D,East,797,59,Female,4.042719045
11-04-2028,Widget C,West,795,59,Female,4.710014205
12-04-2028,Widget D,East,594,37,Female,2.833132866
13-04-2028,Widget D,North,773,26,Male,3.637782635
14-04-2028,Widget D,South,346,34,Female,4.657830604
15-04-2028,Widget A,West,642,44,Male,1.360454532
16-04-2028,Widget C,South,663,64,Male,4.081925812
17-04-2028,Widget C,West,956,19,Male,3.467267538
18-04-2028,Widget D,East,687,53,Female,3.394548715
19-04-2028,Widget A,East,996,36,Female,2.170161714
20-04-2028,Widget A,East,538,34,Male,3.735573419
21-04-2028,Widget C,East,377,22,Female,4.179191019
22-04-2028,Widget A,East,651,56,Female,1.45143266
23-04-2028,Widget A,South,712,35,Female,3.134085724
24-04-2028,Widget A,East,210,24,Male,1.405060724
25-04-2028,Widget B,North,484,34,Female,4.490296077
26-04-2028,Widget D,North,932,56,Female,3.030546891
27-04-2028,Widget C,South,860,53,Male,4.231862757
28-04-2028,Widget C,West,290,57,Female,2.472342551
29-04-2028,Widget B,North,589,62,Male,1.500312907
30-04-2028,Widget D,West,793,21,Female,1.165997218
01-05-2028,Widget C,South,525,55,Female,2.126038483
02-05-2028,Widget A,West,504,42,Female,1.976934801
03-05-2028,Widget C,West,434,22,Female,3.241407896
04-05-2028,Widget A,West,308,47,Female,1.086955352
05-05-2028,Widget B,West,121,29,Female,3.082282177
06-05-2028,Widget A,South,777,21,Male,2.567086968
07-05-2028,Widget C,North,710,41,Female,3.30848908
08-05-2028,Widget C,East,307,46,Female,3.809670113
09-05-2028,Widget C,West,107,26,Female,3.53636778
10-05-2028,Widget B,North,801,21,Male,4.938577477
11-05-2028,Widget B,North,786,68,Male,1.553061376
12-05-2028,Widget D,South,884,41,Male,2.718948036
13-05-2028,Widget C,North,628,31,Female,2.699322947
14-05-2028,Widget A,South,701,22,Female,2.668212815
15-05-2028,Widget B,West,752,35,Male,3.655193568
16-05-2028,Widget C,West,756,59,Male,2.959312242
17-05-2028,Widget C,East,265,36,Male,3.069730239
18-05-2028,Widget B,East,948,29,Female,2.729423969
19-05-2028,Widget D,East,595,35,Male,4.966797844
20-05-2028,Widget B,North,689,34,Female,4.710245395
21-05-2028,Widget B,West,528,47,Female,2.230896757
22-05-2028,Widget A,South,873,41,Female,1.446375699
23-05-2028,Widget A,East,262,28,Male,4.359058896
24-05-2028,Widget D,South,465,52,Female,4.988681006
25-05-2028,Widget C,South,625,40,Male,2.170435576
26-05-2028,Widget B,East,338,34,Male,2.431139703
27-05-2028,Widget D,West,171,18,Male,4.766532726
28-05-2028,Widget A,East,544,32,Male,3.844518072
29-05-2028,Widget B,South,754,49,Female,2.182553327
30-05-2028,Widget C,East,921,26,Female,3.324185965
31-05-2028,Widget A,South,608,32,Female,4.776918317
01-06-2028,Widget A,South,894,45,Female,4.247252428
02-06-2028,Widget A,East,368,41,Male,3.967330855
03-06-2028,Widget D,North,852,52,Male,3.947985247
04-06-2028,Widget C,East,514,39,Male,1.712081297
05-06-2028,Widget B,North,344,44,Male,4.298724957
06-06-2028,Widget D,South,774,36,Female,2.10447453
07-06-2028,Widget D,South,159,62,Male,4.721466632
08-06-2028,Widget D,North,105,29,Female,2.458559964
09-06-2028,Widget A,South,808,37,Male,4.430641588
10-06-2028,Widget C,North,669,18,Male,2.064933978
11-06-2028,Widget D,North,916,38,Male,3.058107746
12-06-2028,Widget B,South,506,66,Male,1.427541182
13-06-2028,Widget C,West,316,62,Female,3.640475612
14-06-2028,Widget B,North,125,18,Female,4.344317101
15-06-2028,Widget C,East,914,27,Female,3.873789125
16-06-2028,Widget B,East,104,64,Female,3.093034052
17-06-2028,Widget A,South,631,49,Male,1.180463514
18-06-2028,Widget D,West,489,56,Male,4.733764029
19-06-2028,Widget B,South,809,39,Female,3.821958194
20-06-2028,Widget C,West,670,35,Female,3.983456953
21-06-2028,Widget D,North,547,65,Male,4.178722302
22-06-2028,Widget D,North,853,63,Male,3.990973704
23-06-2028,Widget C,North,245,49,Female,2.764464656
24-06-2028,Widget B,North,487,44,Female,3.934487317
25-06-2028,Widget A,East,884,45,Female,3.500107151
26-06-2028,Widget A,East,348,35,Male,4.416065335
27-06-2028,Widget B,South,625,56,Female,4.209839261
28-06-2028,Widget D,West,561,66,Female,1.16549753
29-06-2028,Widget D,North,112,46,Female,2.515548361
30-06-2028,Widget D,North,483,35,Female,1.138864609
01-07-2028,Widget D,West,655,61,Female,1.408299699
02-07-2028,Widget B,West,986,25,Male,3.405642888
03-07-2028,Widget D,South,498,48,Female,4.495287285
04-07-2028,Widget C,West,118,51,Male,1.479299035
05-07-2028,Widget D,North,674,24,Female,2.80435715
06-07-2028,Widget A,North,590,53,Female,4.643515619
07-07-2028,Widget D,North,850,35,Female,4.257203935
08-07-2028,Widget B,North,518,55,Male,3.078671586
09-07-2028,Widget A,North,436,26,Male,4.086285757
10-07-2028,Widget B,South,518,26,Male,3.090775096
11-07-2028,Widget B,North,711,63,Female,1.632369349
12-07-2028,Widget A,South,774,25,Female,1.498944453
13-07-2028,Widget B,North,221,68,Male,1.753472928
14-07-2028,Widget B,East,531,52,Male,2.40368838
15-07-2028,Widget D,East,143,35,Female,4.722117071
16-07-2028,Widget C,East,971,22,Male,4.198713655
17-07-2028,Widget B,East,416,31,Female,2.731206245
18-07-2028,Widget B,South,480,45,Male,2.972306839
19-07-2028,Widget B,South,244,47,Male,2.062437831
20-07-2028,Widget D,West,426,21,Male,3.817411826
21-07-2028,Widget C,North,462,56,Female,4.211062686
22-07-2028,Widget A,East,149,37,Female,1.955618783
23-07-2028,Widget D,South,164,42,Male,1.167286495
24-07-2028,Widget D,North,454,45,Female,3.495555773
25-07-2028,Widget C,North,899,29,Female,3.250048477
26-07-2028,Widget C,South,263,19,Female,2.60852462
27-07-2028,Widget D,East,240,60,Female,3.575575767
28-07-2028,Widget A,West,925,31,Male,3.202453192
29-07-2028,Widget D,North,227,39,Female,2.002326306
30-07-2028,Widget C,West,497,48,Female,2.590915902
31-07-2028,Widget A,East,979,40,Male,2.712454279
01-08-2028,Widget C,East,562,65,Female,4.520991978
02-08-2028,Widget A,West,850,37,Female,4.843616617
03-08-2028,Widget B,East,935,55,Female,4.57200545
04-08-2028,Widget C,North,907,21,Male,3.876712096
05-08-2028,Widget C,West,286,32,Male,3.339970934
06-08-2028,Widget D,East,819,41,Female,3.757046542
07-08-2028,Widget C,West,831,42,Female,4.756436883
08-08-2028,Widget C,North,289,18,Male,1.999994941
09-08-2028,Widget B,East,487,24,Male,3.140482031
10-08-2028,Widget C,North,528,48,Male,3.758432076
11-08-2028,Widget B,East,957,29,Female,3.716988005
12-08-2028,Widget B,South,383,59,Female,2.009115838
13-08-2028,Widget B,East,963,22,Male,3.34692611
14-08-2028,Widget B,West,336,61,Female,4.18365257
15-08-2028,Widget A,East,293,67,Female,2.90031592
16-08-2028,Widget D,North,386,59,Female,4.173192307
17-08-2028,Widget A,North,870,55,Female,2.439530391
18-08-2028,Widget C,East,857,29,Female,4.755040509
19-08-2028,Widget A,West,235,56,Female,3.135713762
20-08-2028,Widget A,South,891,35,Female,3.383791803
21-08-2028,Widget C,West,882,19,Male,1.125446275
22-08-2028,Widget C,South,270,27,Male,1.681076549
23-08-2028,Widget C,North,258,32,Male,3.531735522
24-08-2028,Widget A,West,300,47,Male,2.679481487
25-08-2028,Widget A,South,586,61,Male,3.032655162
26-08-2028,Widget C,East,656,34,Male,1.251885635
27-08-2028,Widget D,North,875,21,Male,4.336540954
28-08-2028,Widget D,East,682,24,Male,4.138022409
29-08-2028,Widget B,North,603,58,Male,1.741415903
30-08-2028,Widget C,West,975,48,Female,3.537317429
31-08-2028,Widget B,West,470,68,Female,4.273260847
01-09-2028,Widget D,North,202,56,Male,3.563416546
02-09-2028,Widget B,North,224,51,Female,2.241592381
03-09-2028,Widget C,North,412,23,Female,3.624444602
04-09-2028,Widget C,West,897,67,Male,1.841846991
05-09-2028,Widget C,South,557,55,Male,2.273019989
06-09-2028,Widget A,East,329,62,Male,1.960278612
07-09-2028,Widget B,East,757,68,Female,3.22770041
08-09-2028,Widget D,West,981,51,Female,1.432906587
09-09-2028,Widget D,East,296,61,Male,4.733241521
10-09-2028,Widget D,North,984,32,Female,2.334049415
11-09-2028,Widget A,South,832,31,Female,1.875880508
12-09-2028,Widget A,East,522,23,Female,2.986199254
13-09-2028,Widget C,South,671,67,Male,2.107991274
14-09-2028,Widget D,North,709,54,Female,3.139616346
15-09-2028,Widget A,East,270,67,Female,2.394036599
16-09-2028,Widget C,West,481,49,Female,1.528267243
17-09-2028,Widget D,South,272,20,Female,2.063580968
18-09-2028,Widget B,North,762,20,Female,2.75375938
19-09-2028,Widget C,South,552,39,Female,1.121172906
20-09-2028,Widget A,East,449,39,Female,4.082570108
21-09-2028,Widget A,East,733,27,Male,3.487298258
22-09-2028,Widget C,West,593,68,Male,3.405438429
23-09-2028,Widget C,North,719,20,Female,3.184199728
24-09-2028,Widget A,North,103,29,Male,3.361252689
25-09-2028,Widget B,West,192,46,Female,4.738607811
26-09-2028,Widget D,West,105,65,Female,1.034276843
27-09-2028,Widget B,North,387,34,Female,1.191198839
28-09-2028,Widget C,South,717,24,Male,1.76597364
29-09-2028,Widget B,South,245,30,Female,1.66920552
30-09-2028,Widget A,West,882,19,Female,1.724777838
01-10-2028,Widget C,South,523,21,Male,3.687775543
02-10-2028,Widget D,North,989,27,Male,2.837933204
03-10-2028,Widget A,East,707,56,Female,4.967115513
04-10-2028,Widget A,East,556,41,Male,1.907543659
05-10-2028,Widget D,South,840,34,Male,2.243320404
06-10-2028,Widget D,West,301,69,Female,4.936962867
07-10-2028,Widget B,West,311,23,Female,4.327032563
08-10-2028,Widget C,West,105,36,Female,2.879196883
09-10-2028,Widget D,West,723,22,Male,3.218387542
10-10-2028,Widget D,West,475,49,Male,4.372711683
11-10-2028,Widget C,South,990,27,Male,2.923920984
12-10-2028,Widget D,East,546,26,Female,1.824094894
13-10-2028,Widget D,East,934,44,Male,4.313778154
14-10-2028,Widget B,South,205,30,Male,3.151089965
15-10-2028,Widget A,West,750,36,Female,1.612170389
16-10-2028,Widget A,South,910,38,Female,3.022343325
17-10-2028,Widget A,East,500,41,Female,2.652813522
18-10-2028,Widget A,North,195,55,Male,4.507370128
19-10-2028,Widget D,South,487,21,Female,1.504221725
20-10-2028,Widget C,West,551,41,Male,4.500839218
21-10-2028,Widget C,East,948,52,Male,3.048844067
22-10-2028,Widget B,East,908,20,Female,2.61745772
23-10-2028,Widget B,East,515,21,Female,1.647868738
24-10-2028,Widget D,East,825,54,Female,3.803271851
25-10-2028,Widget C,West,603,57,Female,4.707226836
26-10-2028,Widget C,North,553,65,Female,2.501509416
27-10-2028,Widget A,East,390,52,Male,1.966340003
28-10-2028,Widget D,South,633,48,Male,3.219467668
29-10-2028,Widget D,North,292,61,Male,4.184743794
30-10-2028,Widget A,East,249,42,Female,1.015070778
31-10-2028,Widget D,North,979,57,Male,3.525509746
01-11-2028,Widget D,South,858,30,Female,3.386064003
02-11-2028,Widget B,East,878,21,Female,2.272608743
03-11-2028,Widget C,South,862,63,Male,2.805692014
04-11-2028,Widget D,West,614,31,Male,1.987852897
